STRUCTURE,STRUCTURE_ID,STRUCTURE_NAME,ACTION,REF_AREA,Reference area,MEASURE,Measure,SEX,Sex,OBS_VALUE,Observation value,DECIMALS,Decimals,OBS_STATUS,Observation status,UNIT_MEASURE,Unit of measure,UNIT_MULT,Unit multiplier
DATAFLOW,OECD.WISE.INE:DSD_TIME_USE@DF_TIME_USE(1.0),Time use,I,AUS,Australia,PCA,Personal care,_T,,657.45654,,0,Zero,D,Definition differs,MN_D,Minutes per day,0,Units
DATAFLOW,OECD.WISE.INE:DSD_TIME_USE@DF_TIME_USE(1.0),Time use,I,AUS,Australia,UPW,Unpaid work,M,,171.59583,,0,Zero,D,Definition differs,MN_D,Minutes per day,0,Units
DATAFLOW,OECD.WISE.INE:DSD_TIME_USE@DF_TIME_USE(1.0),Time use,I,AUS,Australia,PAW,Paid work or study,F,,172,,0,Zero,D,Definition differs,MN_D,Minutes per day,0,Units
DATAFLOW,OECD.WISE.INE:DSD_TIME_USE@DF_TIME_USE(1.0),Time use,I,AUS,Australia,OTH,Other,M,,18.062717,,0,Zero,D,Definition differs,MN_D,Minutes per day,0,Units
DATAFLOW,OECD.WISE.INE:DSD_TIME_USE@DF_TIME_USE(1.0),Time use,I,AUS,Australia,OTH,Other,_T,,20.013899,,0,Zero,D,Definition differs,MN_D,Minutes per day,0,Units
DATAFLOW,OECD.WISE.INE:DSD_TIME_USE@DF_TIME_USE(1.0),Time use,I,AUS,Australia,PAW,Paid work or study,_T,,238.16539,,0,Zero,D,Definition differs,MN_D,Minutes per day,0,Units
DATAFLOW,OECD.WISE.INE:DSD_TIME_USE@DF_TIME_USE(1.0),Time use,I,AUS,Australia,LEI,Leisure,F,,269,,0,Zero,D,Definition differs,MN_D,Minutes per day,0,Units
DATAFLOW,OECD.WISE.INE:DSD_TIME_USE@DF_TIME_USE(1.0),Time use,I,AUS,Australia,PAW,Paid work or study,M,,304.05576,,0,Zero,D,Definition differs,MN_D,Minutes per day,0,Units
DATAFLOW,OECD.WISE.INE:DSD_TIME_USE@DF_TIME_USE(1.0),Time use,I,AUS,Australia,OTH,Other,F,,22,,0,Zero,D,Definition differs,MN_D,Minutes per day,0,Units
DATAFLOW,OECD.WISE.INE:DSD_TIME_USE@DF_TIME_USE(1.0),Time use,I,AUS,Australia,UPW,Unpaid work,F,,311,,0,Zero,D,Definition differs,MN_D,Minutes per day,0,Units
DATAFLOW,OECD.WISE.INE:DSD_TIME_USE@DF_TIME_USE(1.0),Time use,I,AUS,Australia,PCA,Personal care,F,,666,,0,Zero,D,Definition differs,MN_D,Minutes per day,0,Units
DATAFLOW,OECD.WISE.INE:DSD_TIME_USE@DF_TIME_USE(1.0),Time use,I,AUS,Australia,LEI,Leisure,M,,297.03137,,0,Zero,D,Definition differs,MN_D,Minutes per day,0,Units
DATAFLOW,OECD.WISE.INE:DSD_TIME_USE@DF_TIME_USE(1.0),Time use,I,AUS,Australia,PCA,Personal care,M,,649.25433,,0,Zero,D,Definition differs,MN_D,Minutes per day,0,Units
DATAFLOW,OECD.WISE.INE:DSD_TIME_USE@DF_TIME_USE(1.0),Time use,I,AUS,Australia,LEI,Leisure,_T,,281.19528,,0,Zero,D,Definition differs,MN_D,Minutes per day,0,Units
DATAFLOW,OECD.WISE.INE:DSD_TIME_USE@DF_TIME_USE(1.0),Time use,I,AUS,Australia,UPW,Unpaid work,_T,,243.16887,,0,Zero,D,Definition differs,MN_D,Minutes per day,0,Units
DATAFLOW,OECD.WISE.INE:DSD_TIME_USE@DF_TIME_USE(1.0),Time use,I,AUT,Austria,PAW,Paid work or study,M,,311.85469,,0,Zero,A,Normal value,MN_D,Minutes per day,0,Units
DATAFLOW,OECD.WISE.INE:DSD_TIME_USE@DF_TIME_USE(1.0),Time use,I,AUT,Austria,UPW,Unpaid work,_T,,187.97064,,0,Zero,A,Normal value,MN_D,Minutes per day,0,Units
DATAFLOW,OECD.WISE.INE:DSD_TIME_USE@DF_TIME_USE(1.0),Time use,I,AUT,Austria,LEI,Leisure,F,,291.65012,,0,Zero,A,Normal value,MN_D,Minutes per day,0,Units
DATAFLOW,OECD.WISE.INE:DSD_TIME_USE@DF_TIME_USE(1.0),Time use,I,AUT,Austria,OTH,Other,M,,10.29041,,0,Zero,A,Normal value,MN_D,Minutes per day,0,Units
DATAFLOW,OECD.WISE.INE:DSD_TIME_USE@DF_TIME_USE(1.0),Time use,I,AUT,Austria,LEI,Leisure,M,,321.9786,,0,Zero,A,Normal value,MN_D,Minutes per day,0,Units
DATAFLOW,OECD.WISE.INE:DSD_TIME_USE@DF_TIME_USE(1.0),Time use,I,AUT,Austria,UPW,Unpaid work,M,,138.51473,,0,Zero,A,Normal value,MN_D,Minutes per day,0,Units
DATAFLOW,OECD.WISE.INE:DSD_TIME_USE@DF_TIME_USE(1.0),Time use,I,AUT,Austria,PAW,Paid work or study,F,,219.07872,,0,Zero,A,Normal value,MN_D,Minutes per day,0,Units
DATAFLOW,OECD.WISE.INE:DSD_TIME_USE@DF_TIME_USE(1.0),Time use,I,AUT,Austria,UPW,Unpaid work,F,,237.79821,,0,Zero,A,Normal value,MN_D,Minutes per day,0,Units
DATAFLOW,OECD.WISE.INE:DSD_TIME_USE@DF_TIME_USE(1.0),Time use,I,AUT,Austria,PAW,Paid work or study,_T,,265.64036,,0,Zero,A,Normal value,MN_D,Minutes per day,0,Units
DATAFLOW,OECD.WISE.INE:DSD_TIME_USE@DF_TIME_USE(1.0),Time use,I,AUT,Austria,PCA,Personal care,M,,657.36157,,0,Zero,A,Normal value,MN_D,Minutes per day,0,Units
DATAFLOW,OECD.WISE.INE:DSD_TIME_USE@DF_TIME_USE(1.0),Time use,I,AUT,Austria,OTH,Other,_T,,11.85609,,0,Zero,A,Normal value,MN_D,Minutes per day,0,Units
DATAFLOW,OECD.WISE.INE:DSD_TIME_USE@DF_TIME_USE(1.0),Time use,I,AUT,Austria,LEI,Leisure,_T,,306.87112,,0,Zero,A,Normal value,MN_D,Minutes per day,0,Units
DATAFLOW,OECD.WISE.INE:DSD_TIME_USE@DF_TIME_USE(1.0),Time use,I,AUT,Austria,PCA,Personal care,F,,678.03942,,0,Zero,A,Normal value,MN_D,Minutes per day,0,Units
DATAFLOW,OECD.WISE.INE:DSD_TIME_USE@DF_TIME_USE(1.0),Time use,I,AUT,Austria,OTH,Other,F,,13.43353,,0,Zero,A,Normal value,MN_D,Minutes per day,0,Units
DATAFLOW,OECD.WISE.INE:DSD_TIME_USE@DF_TIME_USE(1.0),Time use,I,AUT,Austria,PCA,Personal care,_T,,667.66179,,0,Zero,A,Normal value,MN_D,Minutes per day,0,Units
DATAFLOW,OECD.WISE.INE:DSD_TIME_USE@DF_TIME_USE(1.0),Time use,I,BEL,Belgium,PCA,Personal care,F,,677.39722,,0,Zero,A,Normal value,MN_D,Minutes per day,0,Units
DATAFLOW,OECD.WISE.INE:DSD_TIME_USE@DF_TIME_USE(1.0),Time use,I,BEL,Belgium,UPW,Unpaid work,_T,,191.82016,,0,Zero,A,Normal value,MN_D,Minutes per day,0,Units
DATAFLOW,OECD.WISE.INE:DSD_TIME_USE@DF_TIME_USE(1.0),Time use,I,BEL,Belgium,OTH,Other,M,,8.4929714,,0,Zero,A,Normal value,MN_D,Minutes per day,0,Units
DATAFLOW,OECD.WISE.INE:DSD_TIME_USE@DF_TIME_USE(1.0),Time use,I,BEL,Belgium,LEI,Leisure,M,,365.17313,,0,Zero,A,Normal value,MN_D,Minutes per day,0,Units
DATAFLOW,OECD.WISE.INE:DSD_TIME_USE@DF_TIME_USE(1.0),Time use,I,BEL,Belgium,PAW,Paid work or study,_T,,235.75362,,0,Zero,A,Normal value,MN_D,Minutes per day,0,Units
DATAFLOW,OECD.WISE.INE:DSD_TIME_USE@DF_TIME_USE(1.0),Time use,I,BEL,Belgium,PCA,Personal care,M,,648.45746,,0,Zero,A,Normal value,MN_D,Minutes per day,0,Units
DATAFLOW,OECD.WISE.INE:DSD_TIME_USE@DF_TIME_USE(1.0),Time use,I,BEL,Belgium,UPW,Unpaid work,M,,144.17238,,0,Zero,A,Normal value,MN_D,Minutes per day,0,Units
DATAFLOW,OECD.WISE.INE:DSD_TIME_USE@DF_TIME_USE(1.0),Time use,I,BEL,Belgium,OTH,Other,F,,9.0342674,,0,Zero,A,Normal value,MN_D,Minutes per day,0,Units
DATAFLOW,OECD.WISE.INE:DSD_TIME_USE@DF_TIME_USE(1.0),Time use,I,BEL,Belgium,UPW,Unpaid work,F,,237.32297,,0,Zero,A,Normal value,MN_D,Minutes per day,0,Units
DATAFLOW,OECD.WISE.INE:DSD_TIME_USE@DF_TIME_USE(1.0),Time use,I,BEL,Belgium,PAW,Paid work or study,M,,273.70407,,0,Zero,A,Normal value,MN_D,Minutes per day,0,Units
DATAFLOW,OECD.WISE.INE:DSD_TIME_USE@DF_TIME_USE(1.0),Time use,I,BEL,Belgium,LEI,Leisure,F,,316.70667,,0,Zero,A,Normal value,MN_D,Minutes per day,0,Units
DATAFLOW,OECD.WISE.INE:DSD_TIME_USE@DF_TIME_USE(1.0),Time use,I,BEL,Belgium,PCA,Personal care,_T,,664.04633,,0,Zero,A,Normal value,MN_D,Minutes per day,0,Units
DATAFLOW,OECD.WISE.INE:DSD_TIME_USE@DF_TIME_USE(1.0),Time use,I,BEL,Belgium,LEI,Leisure,_T,,339.35016,,0,Zero,A,Normal value,MN_D,Minutes per day,0,Units
DATAFLOW,OECD.WISE.INE:DSD_TIME_USE@DF_TIME_USE(1.0),Time use,I,BEL,Belgium,OTH,Other,_T,,9.2212801,,0,Zero,A,Normal value,MN_D,Minutes per day,0,Units
DATAFLOW,OECD.WISE.INE:DSD_TIME_USE@DF_TIME_USE(1.0),Time use,I,BEL,Belgium,PAW,Paid work or study,F,,199.2325,,0,Zero,A,Normal value,MN_D,Minutes per day,0,Units
DATAFLOW,OECD.WISE.INE:DSD_TIME_USE@DF_TIME_USE(1.0),Time use,I,CAN,Canada,OTH,Other,_T,,33.91396,,0,Zero,A,Normal value,MN_D,Minutes per day,0,Units
DATAFLOW,OECD.WISE.INE:DSD_TIME_USE@DF_TIME_USE(1.0),Time use,I,CAN,Canada,LEI,Leisure,_T,,278.93344,,0,Zero,A,Normal value,MN_D,Minutes per day,0,Units
DATAFLOW,OECD.WISE.INE:DSD_TIME_USE@DF_TIME_USE(1.0),Time use,I,CAN,Canada,PAW,Paid work or study,F,,268.28391,,0,Zero,A,Normal value,MN_D,Minutes per day,0,Units
DATAFLOW,OECD.WISE.INE:DSD_TIME_USE@DF_TIME_USE(1.0),Time use,I,CAN,Canada,UPW,Unpaid work,F,,223.6564,,0,Zero,A,Normal value,MN_D,Minutes per day,0,Units
DATAFLOW,OECD.WISE.INE:DSD_TIME_USE@DF_TIME_USE(1.0),Time use,I,CAN,Canada,LEI,Leisure,F,,259.66452,,0,Zero,A,Normal value,MN_D,Minutes per day,0,Units
DATAFLOW,OECD.WISE.INE:DSD_TIME_USE@DF_TIME_USE(1.0),Time use,I,CAN,Canada,UPW,Unpaid work,_T,,186,,0,Zero,A,Normal value,MN_D,Minutes per day,0,Units
DATAFLOW,OECD.WISE.INE:DSD_TIME_USE@DF_TIME_USE(1.0),Time use,I,CAN,Canada,PCA,Personal care,M,,621.77661,,0,Zero,A,Normal value,MN_D,Minutes per day,0,Units
DATAFLOW,OECD.WISE.INE:DSD_TIME_USE@DF_TIME_USE(1.0),Time use,I,CAN,Canada,OTH,Other,M,,31.768059,,0,Zero,A,Normal value,MN_D,Minutes per day,0,Units
DATAFLOW,OECD.WISE.INE:DSD_TIME_USE@DF_TIME_USE(1.0),Time use,I,CAN,Canada,LEI,Leisure,M,,297.80487,,0,Zero,A,Normal value,MN_D,Minutes per day,0,Units
DATAFLOW,OECD.WISE.INE:DSD_TIME_USE@DF_TIME_USE(1.0),Time use,I,CAN,Canada,PCA,Personal care,F,,652.76111,,0,Zero,A,Normal value,MN_D,Minutes per day,0,Units
DATAFLOW,OECD.WISE.INE:DSD_TIME_USE@DF_TIME_USE(1.0),Time use,I,CAN,Canada,PAW,Paid work or study,_T,,304.64124,,0,Zero,A,Normal value,MN_D,Minutes per day,0,Units
DATAFLOW,OECD.WISE.INE:DSD_TIME_USE@DF_TIME_USE(1.0),Time use,I,CAN,Canada,PCA,Personal care,_T,,636.57739,,0,Zero,A,Normal value,MN_D,Minutes per day,0,Units
DATAFLOW,OECD.WISE.INE:DSD_TIME_USE@DF_TIME_USE(1.0),Time use,I,CAN,Canada,UPW,Unpaid work,M,,148.13789,,0,Zero,A,Normal value,MN_D,Minutes per day,0,Units
DATAFLOW,OECD.WISE.INE:DSD_TIME_USE@DF_TIME_USE(1.0),Time use,I,CAN,Canada,OTH,Other,F,,35.63406,,0,Zero,A,Normal value,MN_D,Minutes per day,0,Units
DATAFLOW,OECD.WISE.INE:DSD_TIME_USE@DF_TIME_USE(1.0),Time use,I,CAN,Canada,PAW,Paid work or study,M,,340.51254,,0,Zero,A,Normal value,MN_D,Minutes per day,0,Units
DATAFLOW,OECD.WISE.INE:DSD_TIME_USE@DF_TIME_USE(1.0),Time use,I,DNK,Denmark,LEI,Leisure,M,,339.5426,,0,Zero,A,Normal value,MN_D,Minutes per day,0,Units
DATAFLOW,OECD.WISE.INE:DSD_TIME_USE@DF_TIME_USE(1.0),Time use,I,DNK,Denmark,PAW,Paid work or study,_T,,224.81659,,0,Zero,A,Normal value,MN_D,Minutes per day,0,Units
DATAFLOW,OECD.WISE.INE:DSD_TIME_USE@DF_TIME_USE(1.0),Time use,I,DNK,Denmark,PCA,Personal care,F,,673.37854,,0,Zero,A,Normal value,MN_D,Minutes per day,0,Units
DATAFLOW,OECD.WISE.INE:DSD_TIME_USE@DF_TIME_USE(1.0),Time use,I,DNK,Denmark,OTH,Other,_T,,10.351957,,0,Zero,A,Normal value,MN_D,Minutes per day,0,Units
DATAFLOW,OECD.WISE.INE:DSD_TIME_USE@DF_TIME_USE(1.0),Time use,I,DNK,Denmark,PAW,Paid work or study,M,,260.06775,,0,Zero,A,Normal value,MN_D,Minutes per day,0,Units
DATAFLOW,OECD.WISE.INE:DSD_TIME_USE@DF_TIME_USE(1.0),Time use,I,DNK,Denmark,PCA,Personal care,_T,,659.35931,,0,Zero,A,Normal value,MN_D,Minutes per day,0,Units
DATAFLOW,OECD.WISE.INE:DSD_TIME_USE@DF_TIME_USE(1.0),Time use,I,DNK,Denmark,PCA,Personal care,M,,643.03949,,0,Zero,A,Normal value,MN_D,Minutes per day,0,Units
DATAFLOW,OECD.WISE.INE:DSD_TIME_USE@DF_TIME_USE(1.0),Time use,I,DNK,Denmark,OTH,Other,M,,11.214058,,0,Zero,A,Normal value,MN_D,Minutes per day,0,Units
DATAFLOW,OECD.WISE.INE:DSD_TIME_USE@DF_TIME_USE(1.0),Time use,I,DNK,Denmark,UPW,Unpaid work,M,,186.13608,,0,Zero,A,Normal value,MN_D,Minutes per day,0,Units
DATAFLOW,OECD.WISE.INE:DSD_TIME_USE@DF_TIME_USE(1.0),Time use,I,DNK,Denmark,OTH,Other,F,,9.6142054,,0,Zero,A,Normal value,MN_D,Minutes per day,0,Units
DATAFLOW,OECD.WISE.INE:DSD_TIME_USE@DF_TIME_USE(1.0),Time use,I,DNK,Denmark,LEI,Leisure,_T,,328.84482,,0,Zero,A,Normal value,MN_D,Minutes per day,0,Units
DATAFLOW,OECD.WISE.INE:DSD_TIME_USE@DF_TIME_USE(1.0),Time use,I,DNK,Denmark,LEI,Leisure,F,,319.61255,,0,Zero,A,Normal value,MN_D,Minutes per day,0,Units
DATAFLOW,OECD.WISE.INE:DSD_TIME_USE@DF_TIME_USE(1.0),Time use,I,DNK,Denmark,UPW,Unpaid work,_T,,216.62733,,0,Zero,A,Normal value,MN_D,Minutes per day,0,Units
DATAFLOW,OECD.WISE.INE:DSD_TIME_USE@DF_TIME_USE(1.0),Time use,I,DNK,Denmark,PAW,Paid work or study,F,,194.58598,,0,Zero,A,Normal value,MN_D,Minutes per day,0,Units
DATAFLOW,OECD.WISE.INE:DSD_TIME_USE@DF_TIME_USE(1.0),Time use,I,DNK,Denmark,UPW,Unpaid work,F,,242.80872,,0,Zero,A,Normal value,MN_D,Minutes per day,0,Units
DATAFLOW,OECD.WISE.INE:DSD_TIME_USE@DF_TIME_USE(1.0),Time use,I,EST,Estonia,UPW,Unpaid work,F,,249.21239,,0,Zero,A,Normal value,MN_D,Minutes per day,0,Units
DATAFLOW,OECD.WISE.INE:DSD_TIME_USE@DF_TIME_USE(1.0),Time use,I,EST,Estonia,OTH,Other,_T,,5,,0,Zero,A,Normal value,MN_D,Minutes per day,0,Units
DATAFLOW,OECD.WISE.INE:DSD_TIME_USE@DF_TIME_USE(1.0),Time use,I,EST,Estonia,LEI,Leisure,M,,345.31406,,0,Zero,A,Normal value,MN_D,Minutes per day,0,Units
DATAFLOW,OECD.WISE.INE:DSD_TIME_USE@DF_TIME_USE(1.0),Time use,I,EST,Estonia,PAW,Paid work or study,_T,,255.57736,,0,Zero,A,Normal value,MN_D,Minutes per day,0,Units
DATAFLOW,OECD.WISE.INE:DSD_TIME_USE@DF_TIME_USE(1.0),Time use,I,EST,Estonia,PCA,Personal care,M,,663.61151,,0,Zero,A,Normal value,MN_D,Minutes per day,0,Units
DATAFLOW,OECD.WISE.INE:DSD_TIME_USE@DF_TIME_USE(1.0),Time use,I,EST,Estonia,PAW,Paid work or study,F,,244.85326,,0,Zero,A,Normal value,MN_D,Minutes per day,0,Units
DATAFLOW,OECD.WISE.INE:DSD_TIME_USE@DF_TIME_USE(1.0),Time use,I,EST,Estonia,PCA,Personal care,_T,,662.67316,,0,Zero,A,Normal value,MN_D,Minutes per day,0,Units
DATAFLOW,OECD.WISE.INE:DSD_TIME_USE@DF_TIME_USE(1.0),Time use,I,EST,Estonia,LEI,Leisure,_T,,309.40707,,0,Zero,A,Normal value,MN_D,Minutes per day,0,Units
DATAFLOW,OECD.WISE.INE:DSD_TIME_USE@DF_TIME_USE(1.0),Time use,I,EST,Estonia,OTH,Other,F,,4.4668403,,0,Zero,A,Normal value,MN_D,Minutes per day,0,Units
DATAFLOW,OECD.WISE.INE:DSD_TIME_USE@DF_TIME_USE(1.0),Time use,I,EST,Estonia,LEI,Leisure,F,,277.80951,,0,Zero,A,Normal value,MN_D,Minutes per day,0,Units
DATAFLOW,OECD.WISE.INE:DSD_TIME_USE@DF_TIME_USE(1.0),Time use,I,EST,Estonia,OTH,Other,M,,6.4666839,,0,Zero,A,Normal value,MN_D,Minutes per day,0,Units
DATAFLOW,OECD.WISE.INE:DSD_TIME_USE@DF_TIME_USE(1.0),Time use,I,EST,Estonia,PAW,Paid work or study,M,,264.07236,,0,Zero,A,Normal value,MN_D,Minutes per day,0,Units
DATAFLOW,OECD.WISE.INE:DSD_TIME_USE@DF_TIME_USE(1.0),Time use,I,EST,Estonia,UPW,Unpaid work,M,,160.16359,,0,Zero,A,Normal value,MN_D,Minutes per day,0,Units
DATAFLOW,OECD.WISE.INE:DSD_TIME_USE@DF_TIME_USE(1.0),Time use,I,EST,Estonia,PCA,Personal care,F,,663.34558,,0,Zero,A,Normal value,MN_D,Minutes per day,0,Units
DATAFLOW,OECD.WISE.INE:DSD_TIME_USE@DF_TIME_USE(1.0),Time use,I,EST,Estonia,UPW,Unpaid work,_T,,207.68231,,0,Zero,A,Normal value,MN_D,Minutes per day,0,Units
DATAFLOW,OECD.WISE.INE:DSD_TIME_USE@DF_TIME_USE(1.0),Time use,I,FIN,Finland,PAW,Paid work or study,F,,209.89101,,0,Zero,A,Normal value,MN_D,Minutes per day,0,Units
DATAFLOW,OECD.WISE.INE:DSD_TIME_USE@DF_TIME_USE(1.0),Time use,I,FIN,Finland,OTH,Other,F,,40.008617,,0,Zero,A,Normal value,MN_D,Minutes per day,0,Units
DATAFLOW,OECD.WISE.INE:DSD_TIME_USE@DF_TIME_USE(1.0),Time use,I,FIN,Finland,LEI,Leisure,_T,,330.98871,,0,Zero,A,Normal value,MN_D,Minutes per day,0,Units
DATAFLOW,OECD.WISE.INE:DSD_TIME_USE@DF_TIME_USE(1.0),Time use,I,FIN,Finland,OTH,Other,_T,,42.547142,,0,Zero,A,Normal value,MN_D,Minutes per day,0,Units
DATAFLOW,OECD.WISE.INE:DSD_TIME_USE@DF_TIME_USE(1.0),Time use,I,FIN,Finland,UPW,Unpaid work,M,,157.46492,,0,Zero,A,Normal value,MN_D,Minutes per day,0,Units
DATAFLOW,OECD.WISE.INE:DSD_TIME_USE@DF_TIME_USE(1.0),Time use,I,FIN,Finland,PCA,Personal care,M,,630.11621,,0,Zero,A,Normal value,MN_D,Minutes per day,0,Units
DATAFLOW,OECD.WISE.INE:DSD_TIME_USE@DF_TIME_USE(1.0),Time use,I,FIN,Finland,PCA,Personal care,F,,650.72681,,0,Zero,A,Normal value,MN_D,Minutes per day,0,Units
DATAFLOW,OECD.WISE.INE:DSD_TIME_USE@DF_TIME_USE(1.0),Time use,I,FIN,Finland,UPW,Unpaid work,F,,235.76947,,0,Zero,A,Normal value,MN_D,Minutes per day,0,Units
DATAFLOW,OECD.WISE.INE:DSD_TIME_USE@DF_TIME_USE(1.0),Time use,I,FIN,Finland,PAW,Paid work or study,_T,,229.097,,0,Zero,A,Normal value,MN_D,Minutes per day,0,Units
DATAFLOW,OECD.WISE.INE:DSD_TIME_USE@DF_TIME_USE(1.0),Time use,I,FIN,Finland,LEI,Leisure,M,,358.7395,,0,Zero,A,Normal value,MN_D,Minutes per day,0,Units
DATAFLOW,OECD.WISE.INE:DSD_TIME_USE@DF_TIME_USE(1.0),Time use,I,FIN,Finland,UPW,Unpaid work,_T,,196.87715,,0,Zero,A,Normal value,MN_D,Minutes per day,0,Units
DATAFLOW,OECD.WISE.INE:DSD_TIME_USE@DF_TIME_USE(1.0),Time use,I,FIN,Finland,OTH,Other,M,,45.119598,,0,Zero,A,Normal value,MN_D,Minutes per day,0,Units
DATAFLOW,OECD.WISE.INE:DSD_TIME_USE@DF_TIME_USE(1.0),Time use,I,FIN,Finland,LEI,Leisure,F,,303.60413,,0,Zero,A,Normal value,MN_D,Minutes per day,0,Units
DATAFLOW,OECD.WISE.INE:DSD_TIME_USE@DF_TIME_USE(1.0),Time use,I,FIN,Finland,PAW,Paid work or study,M,,248.55974,,0,Zero,A,Normal value,MN_D,Minutes per day,0,Units
DATAFLOW,OECD.WISE.INE:DSD_TIME_USE@DF_TIME_USE(1.0),Time use,I,FIN,Finland,PCA,Personal care,_T,,640.48987,,0,Zero,A,Normal value,MN_D,Minutes per day,0,Units
DATAFLOW,OECD.WISE.INE:DSD_TIME_USE@DF_TIME_USE(1.0),Time use,I,FRA,France,OTH,Other,F,,9.9747171,,0,Zero,A,Normal value,MN_D,Minutes per day,0,Units
DATAFLOW,OECD.WISE.INE:DSD_TIME_USE@DF_TIME_USE(1.0),Time use,I,FRA,France,UPW,Unpaid work,M,,134.93945,,0,Zero,A,Normal value,MN_D,Minutes per day,0,Units
DATAFLOW,OECD.WISE.INE:DSD_TIME_USE@DF_TIME_USE(1.0),Time use,I,FRA,France,PCA,Personal care,_T,,752.24652,,0,Zero,A,Normal value,MN_D,Minutes per day,0,Units
DATAFLOW,OECD.WISE.INE:DSD_TIME_USE@DF_TIME_USE(1.0),Time use,I,FRA,France,PAW,Paid work or study,F,,175.36299,,0,Zero,A,Normal value,MN_D,Minutes per day,0,Units
DATAFLOW,OECD.WISE.INE:DSD_TIME_USE@DF_TIME_USE(1.0),Time use,I,FRA,France,UPW,Unpaid work,_T,,181.09856,,0,Zero,A,Normal value,MN_D,Minutes per day,0,Units
DATAFLOW,OECD.WISE.INE:DSD_TIME_USE@DF_TIME_USE(1.0),Time use,I,FRA,France,PCA,Personal care,M,,742.95538,,0,Zero,A,Normal value,MN_D,Minutes per day,0,Units
DATAFLOW,OECD.WISE.INE:DSD_TIME_USE@DF_TIME_USE(1.0),Time use,I,FRA,France,LEI,Leisure,M,,319.1308,,0,Zero,A,Normal value,MN_D,Minutes per day,0,Units
DATAFLOW,OECD.WISE.INE:DSD_TIME_USE@DF_TIME_USE(1.0),Time use,I,FRA,France,PAW,Paid work or study,_T,,204.16515,,0,Zero,A,Normal value,MN_D,Minutes per day,0,Units
DATAFLOW,OECD.WISE.INE:DSD_TIME_USE@DF_TIME_USE(1.0),Time use,I,FRA,France,OTH,Other,M,,7.8422756,,0,Zero,A,Normal value,MN_D,Minutes per day,0,Units
DATAFLOW,OECD.WISE.INE:DSD_TIME_USE@DF_TIME_USE(1.0),Time use,I,FRA,France,LEI,Leisure,F,,269.74338,,0,Zero,A,Normal value,MN_D,Minutes per day,0,Units
DATAFLOW,OECD.WISE.INE:DSD_TIME_USE@DF_TIME_USE(1.0),Time use,I,FRA,France,LEI,Leisure,_T,,293.54263,,0,Zero,A,Normal value,MN_D,Minutes per day,0,Units
DATAFLOW,OECD.WISE.INE:DSD_TIME_USE@DF_TIME_USE(1.0),Time use,I,FRA,France,OTH,Other,_T,,8.9471149,,0,Zero,A,Normal value,MN_D,Minutes per day,0,Units
DATAFLOW,OECD.WISE.INE:DSD_TIME_USE@DF_TIME_USE(1.0),Time use,I,FRA,France,PAW,Paid work or study,M,,235.13206,,0,Zero,A,Normal value,MN_D,Minutes per day,0,Units
DATAFLOW,OECD.WISE.INE:DSD_TIME_USE@DF_TIME_USE(1.0),Time use,I,FRA,France,UPW,Unpaid work,F,,224.03085,,0,Zero,A,Normal value,MN_D,Minutes per day,0,Units
DATAFLOW,OECD.WISE.INE:DSD_TIME_USE@DF_TIME_USE(1.0),Time use,I,FRA,France,PCA,Personal care,F,,760.88806,,0,Zero,A,Normal value,MN_D,Minutes per day,0,Units
DATAFLOW,OECD.WISE.INE:DSD_TIME_USE@DF_TIME_USE(1.0),Time use,I,DEU,Germany,LEI,Leisure,F,,315.76834,,0,Zero,A,Normal value,MN_D,Minutes per day,0,Units
DATAFLOW,OECD.WISE.INE:DSD_TIME_USE@DF_TIME_USE(1.0),Time use,I,DEU,Germany,OTH,Other,M,,16.204741,,0,Zero,A,Normal value,MN_D,Minutes per day,0,Units
DATAFLOW,OECD.WISE.INE:DSD_TIME_USE@DF_TIME_USE(1.0),Time use,I,DEU,Germany,PAW,Paid work or study,M,,289.53189,,0,Zero,A,Normal value,MN_D,Minutes per day,0,Units
DATAFLOW,OECD.WISE.INE:DSD_TIME_USE@DF_TIME_USE(1.0),Time use,I,DEU,Germany,PCA,Personal care,F,,658.66205,,0,Zero,A,Normal value,MN_D,Minutes per day,0,Units
DATAFLOW,OECD.WISE.INE:DSD_TIME_USE@DF_TIME_USE(1.0),Time use,I,DEU,Germany,OTH,Other,F,,17.837324,,0,Zero,A,Normal value,MN_D,Minutes per day,0,Units
DATAFLOW,OECD.WISE.INE:DSD_TIME_USE@DF_TIME_USE(1.0),Time use,I,DEU,Germany,PCA,Personal care,_T,,648.02252,,0,Zero,A,Normal value,MN_D,Minutes per day,0,Units
DATAFLOW,OECD.WISE.INE:DSD_TIME_USE@DF_TIME_USE(1.0),Time use,I,DEU,Germany,OTH,Other,_T,,17.013493,,0,Zero,A,Normal value,MN_D,Minutes per day,0,Units
DATAFLOW,OECD.WISE.INE:DSD_TIME_USE@DF_TIME_USE(1.0),Time use,I,DEU,Germany,UPW,Unpaid work,M,,150.43201,,0,Zero,A,Normal value,MN_D,Minutes per day,0,Units
DATAFLOW,OECD.WISE.INE:DSD_TIME_USE@DF_TIME_USE(1.0),Time use,I,DEU,Germany,LEI,Leisure,M,,346.25378,,0,Zero,A,Normal value,MN_D,Minutes per day,0,Units
DATAFLOW,OECD.WISE.INE:DSD_TIME_USE@DF_TIME_USE(1.0),Time use,I,DEU,Germany,PAW,Paid work or study,F,,205.45386,,0,Zero,A,Normal value,MN_D,Minutes per day,0,Units
DATAFLOW,OECD.WISE.INE:DSD_TIME_USE@DF_TIME_USE(1.0),Time use,I,DEU,Germany,UPW,Unpaid work,_T,,195.93103,,0,Zero,A,Normal value,MN_D,Minutes per day,0,Units
DATAFLOW,OECD.WISE.INE:DSD_TIME_USE@DF_TIME_USE(1.0),Time use,I,DEU,Germany,PAW,Paid work or study,_T,,247.88115,,0,Zero,A,Normal value,MN_D,Minutes per day,0,Units
DATAFLOW,OECD.WISE.INE:DSD_TIME_USE@DF_TIME_USE(1.0),Time use,I,DEU,Germany,UPW,Unpaid work,F,,242.27838,,0,Zero,A,Normal value,MN_D,Minutes per day,0,Units
DATAFLOW,OECD.WISE.INE:DSD_TIME_USE@DF_TIME_USE(1.0),Time use,I,DEU,Germany,PCA,Personal care,M,,637.57751,,0,Zero,A,Normal value,MN_D,Minutes per day,0,Units
DATAFLOW,OECD.WISE.INE:DSD_TIME_USE@DF_TIME_USE(1.0),Time use,I,DEU,Germany,LEI,Leisure,_T,,331.15182,,0,Zero,A,Normal value,MN_D,Minutes per day,0,Units
DATAFLOW,OECD.WISE.INE:DSD_TIME_USE@DF_TIME_USE(1.0),Time use,I,GRC,Greece,LEI,Leisure,F,,310.60394,,0,Zero,A,Normal value,MN_D,Minutes per day,0,Units
DATAFLOW,OECD.WISE.INE:DSD_TIME_USE@DF_TIME_USE(1.0),Time use,I,GRC,Greece,LEI,Leisure,M,,375.39032,,0,Zero,A,Normal value,MN_D,Minutes per day,0,Units
DATAFLOW,OECD.WISE.INE:DSD_TIME_USE@DF_TIME_USE(1.0),Time use,I,GRC,Greece,OTH,Other,M,,5.7688799,,0,Zero,A,Normal value,MN_D,Minutes per day,0,Units
DATAFLOW,OECD.WISE.INE:DSD_TIME_USE@DF_TIME_USE(1.0),Time use,I,GRC,Greece,PAW,Paid work or study,_T,,227.70988,,0,Zero,A,Normal value,MN_D,Minutes per day,0,Units
DATAFLOW,OECD.WISE.INE:DSD_TIME_USE@DF_TIME_USE(1.0),Time use,I,GRC,Greece,UPW,Unpaid work,_T,,180.20116,,0,Zero,A,Normal value,MN_D,Minutes per day,0,Units
DATAFLOW,OECD.WISE.INE:DSD_TIME_USE@DF_TIME_USE(1.0),Time use,I,GRC,Greece,PCA,Personal care,F,,679.23138,,0,Zero,A,Normal value,MN_D,Minutes per day,0,Units
DATAFLOW,OECD.WISE.INE:DSD_TIME_USE@DF_TIME_USE(1.0),Time use,I,GRC,Greece,UPW,Unpaid work,M,,95.084076,,0,Zero,A,Normal value,MN_D,Minutes per day,0,Units
DATAFLOW,OECD.WISE.INE:DSD_TIME_USE@DF_TIME_USE(1.0),Time use,I,GRC,Greece,OTH,Other,_T,,6.0942068,,0,Zero,A,Normal value,MN_D,Minutes per day,0,Units
DATAFLOW,OECD.WISE.INE:DSD_TIME_USE@DF_TIME_USE(1.0),Time use,I,GRC,Greece,PAW,Paid work or study,M,,274.27158,,0,Zero,A,Normal value,MN_D,Minutes per day,0,Units
DATAFLOW,OECD.WISE.INE:DSD_TIME_USE@DF_TIME_USE(1.0),Time use,I,GRC,Greece,UPW,Unpaid work,F,,259.48148,,0,Zero,A,Normal value,MN_D,Minutes per day,0,Units
DATAFLOW,OECD.WISE.INE:DSD_TIME_USE@DF_TIME_USE(1.0),Time use,I,GRC,Greece,LEI,Leisure,_T,,341.3912,,0,Zero,A,Normal value,MN_D,Minutes per day,0,Units
DATAFLOW,OECD.WISE.INE:DSD_TIME_USE@DF_TIME_USE(1.0),Time use,I,GRC,Greece,OTH,Other,F,,6.5149975,,0,Zero,A,Normal value,MN_D,Minutes per day,0,Units
DATAFLOW,OECD.WISE.INE:DSD_TIME_USE@DF_TIME_USE(1.0),Time use,I,GRC,Greece,PAW,Paid work or study,F,,184.53667,,0,Zero,A,Normal value,MN_D,Minutes per day,0,Units
DATAFLOW,OECD.WISE.INE:DSD_TIME_USE@DF_TIME_USE(1.0),Time use,I,GRC,Greece,PCA,Personal care,_T,,684.60358,,0,Zero,A,Normal value,MN_D,Minutes per day,0,Units
DATAFLOW,OECD.WISE.INE:DSD_TIME_USE@DF_TIME_USE(1.0),Time use,I,GRC,Greece,PCA,Personal care,M,,689.48517,,0,Zero,A,Normal value,MN_D,Minutes per day,0,Units
DATAFLOW,OECD.WISE.INE:DSD_TIME_USE@DF_TIME_USE(1.0),Time use,I,HUN,Hungary,OTH,Other,_T,,8.7381868,,0,Zero,A,Normal value,MN_D,Minutes per day,0,Units
DATAFLOW,OECD.WISE.INE:DSD_TIME_USE@DF_TIME_USE(1.0),Time use,I,HUN,Hungary,PAW,Paid work or study,_T,,237.614,,0,Zero,A,Normal value,MN_D,Minutes per day,0,Units
DATAFLOW,OECD.WISE.INE:DSD_TIME_USE@DF_TIME_USE(1.0),Time use,I,HUN,Hungary,LEI,Leisure,_T,,281.3497,,0,Zero,A,Normal value,MN_D,Minutes per day,0,Units
DATAFLOW,OECD.WISE.INE:DSD_TIME_USE@DF_TIME_USE(1.0),Time use,I,HUN,Hungary,UPW,Unpaid work,F,,293.76733,,0,Zero,A,Normal value,MN_D,Minutes per day,0,Units
DATAFLOW,OECD.WISE.INE:DSD_TIME_USE@DF_TIME_USE(1.0),Time use,I,HUN,Hungary,PCA,Personal care,F,,679.27179,,0,Zero,A,Normal value,MN_D,Minutes per day,0,Units
DATAFLOW,OECD.WISE.INE:DSD_TIME_USE@DF_TIME_USE(1.0),Time use,I,HUN,Hungary,UPW,Unpaid work,_T,,229.15895,,0,Zero,A,Normal value,MN_D,Minutes per day,0,Units
DATAFLOW,OECD.WISE.INE:DSD_TIME_USE@DF_TIME_USE(1.0),Time use,I,HUN,Hungary,LEI,Leisure,F,,256.84116,,0,Zero,A,Normal value,MN_D,Minutes per day,0,Units
DATAFLOW,OECD.WISE.INE:DSD_TIME_USE@DF_TIME_USE(1.0),Time use,I,HUN,Hungary,PAW,Paid work or study,F,,202.50626,,0,Zero,A,Normal value,MN_D,Minutes per day,0,Units
DATAFLOW,OECD.WISE.INE:DSD_TIME_USE@DF_TIME_USE(1.0),Time use,I,HUN,Hungary,PAW,Paid work or study,M,,272.6571,,0,Zero,A,Normal value,MN_D,Minutes per day,0,Units
DATAFLOW,OECD.WISE.INE:DSD_TIME_USE@DF_TIME_USE(1.0),Time use,I,HUN,Hungary,UPW,Unpaid work,M,,162.34105,,0,Zero,A,Normal value,MN_D,Minutes per day,0,Units
DATAFLOW,OECD.WISE.INE:DSD_TIME_USE@DF_TIME_USE(1.0),Time use,I,HUN,Hungary,OTH,Other,M,,10.551611,,0,Zero,A,Normal value,MN_D,Minutes per day,0,Units
DATAFLOW,OECD.WISE.INE:DSD_TIME_USE@DF_TIME_USE(1.0),Time use,I,HUN,Hungary,PCA,Personal care,_T,,683.13916,,0,Zero,A,Normal value,MN_D,Minutes per day,0,Units
DATAFLOW,OECD.WISE.INE:DSD_TIME_USE@DF_TIME_USE(1.0),Time use,I,HUN,Hungary,OTH,Other,F,,7.6134486,,0,Zero,A,Normal value,MN_D,Minutes per day,0,Units
DATAFLOW,OECD.WISE.INE:DSD_TIME_USE@DF_TIME_USE(1.0),Time use,I,HUN,Hungary,LEI,Leisure,M,,308.1571,,0,Zero,A,Normal value,MN_D,Minutes per day,0,Units
DATAFLOW,OECD.WISE.INE:DSD_TIME_USE@DF_TIME_USE(1.0),Time use,I,HUN,Hungary,PCA,Personal care,M,,686.29309,,0,Zero,A,Normal value,MN_D,Minutes per day,0,Units
DATAFLOW,OECD.WISE.INE:DSD_TIME_USE@DF_TIME_USE(1.0),Time use,I,IRL,Ireland,PAW,Paid work or study,F,,194.93269,,0,Zero,A,Normal value,MN_D,Minutes per day,0,Units
DATAFLOW,OECD.WISE.INE:DSD_TIME_USE@DF_TIME_USE(1.0),Time use,I,IRL,Ireland,UPW,Unpaid work,M,,126.97815,,0,Zero,A,Normal value,MN_D,Minutes per day,0,Units
DATAFLOW,OECD.WISE.INE:DSD_TIME_USE@DF_TIME_USE(1.0),Time use,I,IRL,Ireland,PCA,Personal care,M,,594.72986,,0,Zero,A,Normal value,MN_D,Minutes per day,0,Units
DATAFLOW,OECD.WISE.INE:DSD_TIME_USE@DF_TIME_USE(1.0),Time use,I,IRL,Ireland,UPW,Unpaid work,F,,292.5083,,0,Zero,A,Normal value,MN_D,Minutes per day,0,Units
DATAFLOW,OECD.WISE.INE:DSD_TIME_USE@DF_TIME_USE(1.0),Time use,I,IRL,Ireland,PAW,Paid work or study,M,,340.81052,,0,Zero,A,Normal value,MN_D,Minutes per day,0,Units
DATAFLOW,OECD.WISE.INE:DSD_TIME_USE@DF_TIME_USE(1.0),Time use,I,IRL,Ireland,OTH,Other,_T,,41.172009,,0,Zero,A,Normal value,MN_D,Minutes per day,0,Units
DATAFLOW,OECD.WISE.INE:DSD_TIME_USE@DF_TIME_USE(1.0),Time use,I,IRL,Ireland,PCA,Personal care,F,,623.13239,,0,Zero,A,Normal value,MN_D,Minutes per day,0,Units
DATAFLOW,OECD.WISE.INE:DSD_TIME_USE@DF_TIME_USE(1.0),Time use,I,IRL,Ireland,LEI,Leisure,M,,337.57703,,0,Zero,A,Normal value,MN_D,Minutes per day,0,Units
DATAFLOW,OECD.WISE.INE:DSD_TIME_USE@DF_TIME_USE(1.0),Time use,I,IRL,Ireland,OTH,Other,M,,39.904442,,0,Zero,A,Normal value,MN_D,Minutes per day,0,Units
DATAFLOW,OECD.WISE.INE:DSD_TIME_USE@DF_TIME_USE(1.0),Time use,I,IRL,Ireland,UPW,Unpaid work,_T,,209.64148,,0,Zero,A,Normal value,MN_D,Minutes per day,0,Units
DATAFLOW,OECD.WISE.INE:DSD_TIME_USE@DF_TIME_USE(1.0),Time use,I,IRL,Ireland,LEI,Leisure,_T,,312.31158,,0,Zero,A,Normal value,MN_D,Minutes per day,0,Units
DATAFLOW,OECD.WISE.INE:DSD_TIME_USE@DF_TIME_USE(1.0),Time use,I,IRL,Ireland,PCA,Personal care,_T,,608.9137,,0,Zero,A,Normal value,MN_D,Minutes per day,0,Units
DATAFLOW,OECD.WISE.INE:DSD_TIME_USE@DF_TIME_USE(1.0),Time use,I,IRL,Ireland,LEI,Leisure,F,,286.98392,,0,Zero,A,Normal value,MN_D,Minutes per day,0,Units
DATAFLOW,OECD.WISE.INE:DSD_TIME_USE@DF_TIME_USE(1.0),Time use,I,IRL,Ireland,OTH,Other,F,,42.442703,,0,Zero,A,Normal value,MN_D,Minutes per day,0,Units
DATAFLOW,OECD.WISE.INE:DSD_TIME_USE@DF_TIME_USE(1.0),Time use,I,IRL,Ireland,PAW,Paid work or study,_T,,267.9613,,0,Zero,A,Normal value,MN_D,Minutes per day,0,Units
DATAFLOW,OECD.WISE.INE:DSD_TIME_USE@DF_TIME_USE(1.0),Time use,I,ITA,Italy,UPW,Unpaid work,_T,,219.03874,,0,Zero,A,Normal value,MN_D,Minutes per day,0,Units
DATAFLOW,OECD.WISE.INE:DSD_TIME_USE@DF_TIME_USE(1.0),Time use,I,ITA,Italy,LEI,Leisure,F,,280.92224,,0,Zero,A,Normal value,MN_D,Minutes per day,0,Units
DATAFLOW,OECD.WISE.INE:DSD_TIME_USE@DF_TIME_USE(1.0),Time use,I,ITA,Italy,OTH,Other,M,,12.062819,,0,Zero,A,Normal value,MN_D,Minutes per day,0,Units
DATAFLOW,OECD.WISE.INE:DSD_TIME_USE@DF_TIME_USE(1.0),Time use,I,ITA,Italy,PAW,Paid work or study,M,,220.81396,,0,Zero,A,Normal value,MN_D,Minutes per day,0,Units
DATAFLOW,OECD.WISE.INE:DSD_TIME_USE@DF_TIME_USE(1.0),Time use,I,ITA,Italy,LEI,Leisure,M,,366.09576,,0,Zero,A,Normal value,MN_D,Minutes per day,0,Units
DATAFLOW,OECD.WISE.INE:DSD_TIME_USE@DF_TIME_USE(1.0),Time use,I,ITA,Italy,PAW,Paid work or study,F,,133.11972,,0,Zero,A,Normal value,MN_D,Minutes per day,0,Units
DATAFLOW,OECD.WISE.INE:DSD_TIME_USE@DF_TIME_USE(1.0),Time use,I,ITA,Italy,UPW,Unpaid work,M,,130.70905,,0,Zero,A,Normal value,MN_D,Minutes per day,0,Units
DATAFLOW,OECD.WISE.INE:DSD_TIME_USE@DF_TIME_USE(1.0),Time use,I,ITA,Italy,LEI,Leisure,_T,,323.25861,,0,Zero,A,Normal value,MN_D,Minutes per day,0,Units
DATAFLOW,OECD.WISE.INE:DSD_TIME_USE@DF_TIME_USE(1.0),Time use,I,ITA,Italy,OTH,Other,F,,14.294777,,0,Zero,A,Normal value,MN_D,Minutes per day,0,Units
DATAFLOW,OECD.WISE.INE:DSD_TIME_USE@DF_TIME_USE(1.0),Time use,I,ITA,Italy,UPW,Unpaid work,F,,306.33594,,0,Zero,A,Normal value,MN_D,Minutes per day,0,Units
DATAFLOW,OECD.WISE.INE:DSD_TIME_USE@DF_TIME_USE(1.0),Time use,I,ITA,Italy,PCA,Personal care,M,,710.31842,,0,Zero,A,Normal value,MN_D,Minutes per day,0,Units
DATAFLOW,OECD.WISE.INE:DSD_TIME_USE@DF_TIME_USE(1.0),Time use,I,ITA,Italy,PCA,Personal care,_T,,707.80823,,0,Zero,A,Normal value,MN_D,Minutes per day,0,Units
DATAFLOW,OECD.WISE.INE:DSD_TIME_USE@DF_TIME_USE(1.0),Time use,I,ITA,Italy,PAW,Paid work or study,_T,,176.70906,,0,Zero,A,Normal value,MN_D,Minutes per day,0,Units
DATAFLOW,OECD.WISE.INE:DSD_TIME_USE@DF_TIME_USE(1.0),Time use,I,ITA,Italy,PCA,Personal care,F,,705.32733,,0,Zero,A,Normal value,MN_D,Minutes per day,0,Units
DATAFLOW,OECD.WISE.INE:DSD_TIME_USE@DF_TIME_USE(1.0),Time use,I,ITA,Italy,OTH,Other,_T,,13.185362,,0,Zero,A,Normal value,MN_D,Minutes per day,0,Units
DATAFLOW,OECD.WISE.INE:DSD_TIME_USE@DF_TIME_USE(1.0),Time use,I,JPN,Japan,PCA,Personal care,F,,647,,0,Zero,A,Normal value,MN_D,Minutes per day,0,Units
DATAFLOW,OECD.WISE.INE:DSD_TIME_USE@DF_TIME_USE(1.0),Time use,I,JPN,Japan,LEI,Leisure,M,,284,,0,Zero,A,Normal value,MN_D,Minutes per day,0,Units
DATAFLOW,OECD.WISE.INE:DSD_TIME_USE@DF_TIME_USE(1.0),Time use,I,JPN,Japan,OTH,Other,_T,,37,,0,Zero,A,Normal value,MN_D,Minutes per day,0,Units
DATAFLOW,OECD.WISE.INE:DSD_TIME_USE@DF_TIME_USE(1.0),Time use,I,JPN,Japan,PCA,Personal care,M,,632,,0,Zero,A,Normal value,MN_D,Minutes per day,0,Units
DATAFLOW,OECD.WISE.INE:DSD_TIME_USE@DF_TIME_USE(1.0),Time use,I,JPN,Japan,PAW,Paid work or study,M,,442,,0,Zero,A,Normal value,MN_D,Minutes per day,0,Units
DATAFLOW,OECD.WISE.INE:DSD_TIME_USE@DF_TIME_USE(1.0),Time use,I,JPN,Japan,OTH,Other,M,,34,,0,Zero,A,Normal value,MN_D,Minutes per day,0,Units
DATAFLOW,OECD.WISE.INE:DSD_TIME_USE@DF_TIME_USE(1.0),Time use,I,JPN,Japan,UPW,Unpaid work,_T,,125,,0,Zero,A,Normal value,MN_D,Minutes per day,0,Units
DATAFLOW,OECD.WISE.INE:DSD_TIME_USE@DF_TIME_USE(1.0),Time use,I,JPN,Japan,UPW,Unpaid work,F,,208,,0,Zero,A,Normal value,MN_D,Minutes per day,0,Units
DATAFLOW,OECD.WISE.INE:DSD_TIME_USE@DF_TIME_USE(1.0),Time use,I,JPN,Japan,PAW,Paid work or study,_T,,368,,0,Zero,A,Normal value,MN_D,Minutes per day,0,Units
DATAFLOW,OECD.WISE.INE:DSD_TIME_USE@DF_TIME_USE(1.0),Time use,I,JPN,Japan,UPW,Unpaid work,M,,47,,0,Zero,A,Normal value,MN_D,Minutes per day,0,Units
DATAFLOW,OECD.WISE.INE:DSD_TIME_USE@DF_TIME_USE(1.0),Time use,I,JPN,Japan,OTH,Other,F,,40,,0,Zero,A,Normal value,MN_D,Minutes per day,0,Units
DATAFLOW,OECD.WISE.INE:DSD_TIME_USE@DF_TIME_USE(1.0),Time use,I,JPN,Japan,PAW,Paid work or study,F,,292,,0,Zero,A,Normal value,MN_D,Minutes per day,0,Units
DATAFLOW,OECD.WISE.INE:DSD_TIME_USE@DF_TIME_USE(1.0),Time use,I,JPN,Japan,PCA,Personal care,_T,,640,,0,Zero,A,Normal value,MN_D,Minutes per day,0,Units
DATAFLOW,OECD.WISE.INE:DSD_TIME_USE@DF_TIME_USE(1.0),Time use,I,JPN,Japan,LEI,Leisure,_T,,269,,0,Zero,A,Normal value,MN_D,Minutes per day,0,Units
DATAFLOW,OECD.WISE.INE:DSD_TIME_USE@DF_TIME_USE(1.0),Time use,I,JPN,Japan,LEI,Leisure,F,,254,,0,Zero,A,Normal value,MN_D,Minutes per day,0,Units
DATAFLOW,OECD.WISE.INE:DSD_TIME_USE@DF_TIME_USE(1.0),Time use,I,KOR,Korea,PCA,Personal care,M,,675.8324,,0,Zero,A,Normal value,MN_D,Minutes per day,0,Units
DATAFLOW,OECD.WISE.INE:DSD_TIME_USE@DF_TIME_USE(1.0),Time use,I,KOR,Korea,LEI,Leisure,M,,272.44778,,0,Zero,A,Normal value,MN_D,Minutes per day,0,Units
DATAFLOW,OECD.WISE.INE:DSD_TIME_USE@DF_TIME_USE(1.0),Time use,I,KOR,Korea,PAW,Paid work or study,F,,269.38647,,0,Zero,A,Normal value,MN_D,Minutes per day,0,Units
DATAFLOW,OECD.WISE.INE:DSD_TIME_USE@DF_TIME_USE(1.0),Time use,I,KOR,Korea,PCA,Personal care,_T,,677.84741,,0,Zero,A,Normal value,MN_D,Minutes per day,0,Units
DATAFLOW,OECD.WISE.INE:DSD_TIME_USE@DF_TIME_USE(1.0),Time use,I,KOR,Korea,LEI,Leisure,F,,243.97131,,0,Zero,A,Normal value,MN_D,Minutes per day,0,Units
DATAFLOW,OECD.WISE.INE:DSD_TIME_USE@DF_TIME_USE(1.0),Time use,I,KOR,Korea,OTH,Other,M,,23.739212,,0,Zero,A,Normal value,MN_D,Minutes per day,0,Units
DATAFLOW,OECD.WISE.INE:DSD_TIME_USE@DF_TIME_USE(1.0),Time use,I,KOR,Korea,UPW,Unpaid work,_T,,131.70642,,0,Zero,A,Normal value,MN_D,Minutes per day,0,Units
DATAFLOW,OECD.WISE.INE:DSD_TIME_USE@DF_TIME_USE(1.0),Time use,I,KOR,Korea,OTH,Other,F,,31.756468,,0,Zero,A,Normal value,MN_D,Minutes per day,0,Units
DATAFLOW,OECD.WISE.INE:DSD_TIME_USE@DF_TIME_USE(1.0),Time use,I,KOR,Korea,LEI,Leisure,_T,,258.26019,,0,Zero,A,Normal value,MN_D,Minutes per day,0,Units
DATAFLOW,OECD.WISE.INE:DSD_TIME_USE@DF_TIME_USE(1.0),Time use,I,KOR,Korea,OTH,Other,_T,,27.73358,,0,Zero,A,Normal value,MN_D,Minutes per day,0,Units
DATAFLOW,OECD.WISE.INE:DSD_TIME_USE@DF_TIME_USE(1.0),Time use,I,KOR,Korea,PAW,Paid work or study,M,,418.98608,,0,Zero,A,Normal value,MN_D,Minutes per day,0,Units
DATAFLOW,OECD.WISE.INE:DSD_TIME_USE@DF_TIME_USE(1.0),Time use,I,KOR,Korea,UPW,Unpaid work,F,,215.00894,,0,Zero,A,Normal value,MN_D,Minutes per day,0,Units
DATAFLOW,OECD.WISE.INE:DSD_TIME_USE@DF_TIME_USE(1.0),Time use,I,KOR,Korea,PCA,Personal care,F,,679.87683,,0,Zero,A,Normal value,MN_D,Minutes per day,0,Units
DATAFLOW,OECD.WISE.INE:DSD_TIME_USE@DF_TIME_USE(1.0),Time use,I,KOR,Korea,PAW,Paid work or study,_T,,344.45236,,0,Zero,A,Normal value,MN_D,Minutes per day,0,Units
DATAFLOW,OECD.WISE.INE:DSD_TIME_USE@DF_TIME_USE(1.0),Time use,I,KOR,Korea,UPW,Unpaid work,M,,48.994484,,0,Zero,A,Normal value,MN_D,Minutes per day,0,Units
DATAFLOW,OECD.WISE.INE:DSD_TIME_USE@DF_TIME_USE(1.0),Time use,I,LVA,Latvia,LEI,Leisure,_T,,268.84131,,0,Zero,A,Normal value,MN_D,Minutes per day,0,Units
DATAFLOW,OECD.WISE.INE:DSD_TIME_USE@DF_TIME_USE(1.0),Time use,I,LVA,Latvia,PCA,Personal care,M,,639.60291,,0,Zero,A,Normal value,MN_D,Minutes per day,0,Units
DATAFLOW,OECD.WISE.INE:DSD_TIME_USE@DF_TIME_USE(1.0),Time use,I,LVA,Latvia,PAW,Paid work or study,F,,288.46832,,0,Zero,A,Normal value,MN_D,Minutes per day,0,Units
DATAFLOW,OECD.WISE.INE:DSD_TIME_USE@DF_TIME_USE(1.0),Time use,I,LVA,Latvia,UPW,Unpaid work,M,,129.7269,,0,Zero,A,Normal value,MN_D,Minutes per day,0,Units
DATAFLOW,OECD.WISE.INE:DSD_TIME_USE@DF_TIME_USE(1.0),Time use,I,LVA,Latvia,OTH,Other,_T,,3.8495073,,0,Zero,A,Normal value,MN_D,Minutes per day,0,Units
DATAFLOW,OECD.WISE.INE:DSD_TIME_USE@DF_TIME_USE(1.0),Time use,I,LVA,Latvia,PCA,Personal care,_T,,641.2962,,0,Zero,A,Normal value,MN_D,Minutes per day,0,Units
DATAFLOW,OECD.WISE.INE:DSD_TIME_USE@DF_TIME_USE(1.0),Time use,I,LVA,Latvia,OTH,Other,M,,3.2603798,,0,Zero,A,Normal value,MN_D,Minutes per day,0,Units
DATAFLOW,OECD.WISE.INE:DSD_TIME_USE@DF_TIME_USE(1.0),Time use,I,LVA,Latvia,PAW,Paid work or study,M,,376.93106,,0,Zero,A,Normal value,MN_D,Minutes per day,0,Units
DATAFLOW,OECD.WISE.INE:DSD_TIME_USE@DF_TIME_USE(1.0),Time use,I,LVA,Latvia,LEI,Leisure,M,,290.47876,,0,Zero,A,Normal value,MN_D,Minutes per day,0,Units
DATAFLOW,OECD.WISE.INE:DSD_TIME_USE@DF_TIME_USE(1.0),Time use,I,LVA,Latvia,OTH,Other,F,,5.3358335,,0,Zero,A,Normal value,MN_D,Minutes per day,0,Units
DATAFLOW,OECD.WISE.INE:DSD_TIME_USE@DF_TIME_USE(1.0),Time use,I,LVA,Latvia,UPW,Unpaid work,F,,253.25412,,0,Zero,A,Normal value,MN_D,Minutes per day,0,Units
DATAFLOW,OECD.WISE.INE:DSD_TIME_USE@DF_TIME_USE(1.0),Time use,I,LVA,Latvia,LEI,Leisure,F,,249.24818,,0,Zero,A,Normal value,MN_D,Minutes per day,0,Units
DATAFLOW,OECD.WISE.INE:DSD_TIME_USE@DF_TIME_USE(1.0),Time use,I,LVA,Latvia,PCA,Personal care,F,,643.69354,,0,Zero,A,Normal value,MN_D,Minutes per day,0,Units
DATAFLOW,OECD.WISE.INE:DSD_TIME_USE@DF_TIME_USE(1.0),Time use,I,LVA,Latvia,PAW,Paid work or study,_T,,329.93842,,0,Zero,A,Normal value,MN_D,Minutes per day,0,Units
DATAFLOW,OECD.WISE.INE:DSD_TIME_USE@DF_TIME_USE(1.0),Time use,I,LVA,Latvia,UPW,Unpaid work,_T,,196.07454,,0,Zero,A,Normal value,MN_D,Minutes per day,0,Units
DATAFLOW,OECD.WISE.INE:DSD_TIME_USE@DF_TIME_USE(1.0),Time use,I,LTU,Lithuania,UPW,Unpaid work,M,,151.61081,,0,Zero,D,Definition differs,MN_D,Minutes per day,0,Units
DATAFLOW,OECD.WISE.INE:DSD_TIME_USE@DF_TIME_USE(1.0),Time use,I,LTU,Lithuania,PCA,Personal care,_T,,645.53864,,0,Zero,D,Definition differs,MN_D,Minutes per day,0,Units
DATAFLOW,OECD.WISE.INE:DSD_TIME_USE@DF_TIME_USE(1.0),Time use,I,LTU,Lithuania,OTH,Other,F,,8.6944227,,0,Zero,D,Definition differs,MN_D,Minutes per day,0,Units
DATAFLOW,OECD.WISE.INE:DSD_TIME_USE@DF_TIME_USE(1.0),Time use,I,LTU,Lithuania,PAW,Paid work or study,F,,279.25739,,0,Zero,D,Definition differs,MN_D,Minutes per day,0,Units
DATAFLOW,OECD.WISE.INE:DSD_TIME_USE@DF_TIME_USE(1.0),Time use,I,LTU,Lithuania,OTH,Other,M,,7.6051412,,0,Zero,D,Definition differs,MN_D,Minutes per day,0,Units
DATAFLOW,OECD.WISE.INE:DSD_TIME_USE@DF_TIME_USE(1.0),Time use,I,LTU,Lithuania,UPW,Unpaid work,F,,291.95166,,0,Zero,D,Definition differs,MN_D,Minutes per day,0,Units
DATAFLOW,OECD.WISE.INE:DSD_TIME_USE@DF_TIME_USE(1.0),Time use,I,LTU,Lithuania,LEI,Leisure,_T,,246.6068,,0,Zero,D,Definition differs,MN_D,Minutes per day,0,Units
DATAFLOW,OECD.WISE.INE:DSD_TIME_USE@DF_TIME_USE(1.0),Time use,I,LTU,Lithuania,OTH,Other,_T,,8.1680727,,0,Zero,D,Definition differs,MN_D,Minutes per day,0,Units
DATAFLOW,OECD.WISE.INE:DSD_TIME_USE@DF_TIME_USE(1.0),Time use,I,LTU,Lithuania,PAW,Paid work or study,M,,354.26273,,0,Zero,D,Definition differs,MN_D,Minutes per day,0,Units
DATAFLOW,OECD.WISE.INE:DSD_TIME_USE@DF_TIME_USE(1.0),Time use,I,LTU,Lithuania,LEI,Leisure,M,,282.19785,,0,Zero,D,Definition differs,MN_D,Minutes per day,0,Units
DATAFLOW,OECD.WISE.INE:DSD_TIME_USE@DF_TIME_USE(1.0),Time use,I,LTU,Lithuania,PAW,Paid work or study,_T,,315.21515,,0,Zero,D,Definition differs,MN_D,Minutes per day,0,Units
DATAFLOW,OECD.WISE.INE:DSD_TIME_USE@DF_TIME_USE(1.0),Time use,I,LTU,Lithuania,UPW,Unpaid work,_T,,224.47133,,0,Zero,D,Definition differs,MN_D,Minutes per day,0,Units
DATAFLOW,OECD.WISE.INE:DSD_TIME_USE@DF_TIME_USE(1.0),Time use,I,LTU,Lithuania,PCA,Personal care,F,,644.79767,,0,Zero,D,Definition differs,MN_D,Minutes per day,0,Units
DATAFLOW,OECD.WISE.INE:DSD_TIME_USE@DF_TIME_USE(1.0),Time use,I,LTU,Lithuania,PCA,Personal care,M,,644.32349,,0,Zero,D,Definition differs,MN_D,Minutes per day,0,Units
DATAFLOW,OECD.WISE.INE:DSD_TIME_USE@DF_TIME_USE(1.0),Time use,I,LTU,Lithuania,LEI,Leisure,F,,215.29886,,0,Zero,D,Definition differs,MN_D,Minutes per day,0,Units
DATAFLOW,OECD.WISE.INE:DSD_TIME_USE@DF_TIME_USE(1.0),Time use,I,LUX,Luxembourg,PAW,Paid work or study,M,,329.99503,,0,Zero,A,Normal value,MN_D,Minutes per day,0,Units
DATAFLOW,OECD.WISE.INE:DSD_TIME_USE@DF_TIME_USE(1.0),Time use,I,LUX,Luxembourg,UPW,Unpaid work,M,,121.07518,,0,Zero,A,Normal value,MN_D,Minutes per day,0,Units
DATAFLOW,OECD.WISE.INE:DSD_TIME_USE@DF_TIME_USE(1.0),Time use,I,LUX,Luxembourg,LEI,Leisure,M,,299.04138,,0,Zero,A,Normal value,MN_D,Minutes per day,0,Units
DATAFLOW,OECD.WISE.INE:DSD_TIME_USE@DF_TIME_USE(1.0),Time use,I,LUX,Luxembourg,OTH,Other,M,,13.025016,,0,Zero,A,Normal value,MN_D,Minutes per day,0,Units
DATAFLOW,OECD.WISE.INE:DSD_TIME_USE@DF_TIME_USE(1.0),Time use,I,LUX,Luxembourg,UPW,Unpaid work,F,,239.61743,,0,Zero,A,Normal value,MN_D,Minutes per day,0,Units
DATAFLOW,OECD.WISE.INE:DSD_TIME_USE@DF_TIME_USE(1.0),Time use,I,LUX,Luxembourg,PCA,Personal care,M,,676.8634,,0,Zero,A,Normal value,MN_D,Minutes per day,0,Units
DATAFLOW,OECD.WISE.INE:DSD_TIME_USE@DF_TIME_USE(1.0),Time use,I,LUX,Luxembourg,UPW,Unpaid work,_T,,179.15561,,0,Zero,A,Normal value,MN_D,Minutes per day,0,Units
DATAFLOW,OECD.WISE.INE:DSD_TIME_USE@DF_TIME_USE(1.0),Time use,I,LUX,Luxembourg,PCA,Personal care,_T,,685.66821,,0,Zero,A,Normal value,MN_D,Minutes per day,0,Units
DATAFLOW,OECD.WISE.INE:DSD_TIME_USE@DF_TIME_USE(1.0),Time use,I,LUX,Luxembourg,LEI,Leisure,F,,253.02322,,0,Zero,A,Normal value,MN_D,Minutes per day,0,Units
DATAFLOW,OECD.WISE.INE:DSD_TIME_USE@DF_TIME_USE(1.0),Time use,I,LUX,Luxembourg,OTH,Other,_T,,14.063417,,0,Zero,A,Normal value,MN_D,Minutes per day,0,Units
DATAFLOW,OECD.WISE.INE:DSD_TIME_USE@DF_TIME_USE(1.0),Time use,I,LUX,Luxembourg,PCA,Personal care,F,,694.01245,,0,Zero,A,Normal value,MN_D,Minutes per day,0,Units
DATAFLOW,OECD.WISE.INE:DSD_TIME_USE@DF_TIME_USE(1.0),Time use,I,LUX,Luxembourg,PAW,Paid work or study,F,,238.86639,,0,Zero,A,Normal value,MN_D,Minutes per day,0,Units
DATAFLOW,OECD.WISE.INE:DSD_TIME_USE@DF_TIME_USE(1.0),Time use,I,LUX,Luxembourg,LEI,Leisure,_T,,276.38571,,0,Zero,A,Normal value,MN_D,Minutes per day,0,Units
DATAFLOW,OECD.WISE.INE:DSD_TIME_USE@DF_TIME_USE(1.0),Time use,I,LUX,Luxembourg,OTH,Other,F,,14.512388,,0,Zero,A,Normal value,MN_D,Minutes per day,0,Units
DATAFLOW,OECD.WISE.INE:DSD_TIME_USE@DF_TIME_USE(1.0),Time use,I,LUX,Luxembourg,PAW,Paid work or study,_T,,284.68814,,0,Zero,A,Normal value,MN_D,Minutes per day,0,Units
DATAFLOW,OECD.WISE.INE:DSD_TIME_USE@DF_TIME_USE(1.0),Time use,I,MEX,Mexico,PCA,Personal care,F,,641.76294,,0,Zero,D,Definition differs,MN_D,Minutes per day,0,Units
DATAFLOW,OECD.WISE.INE:DSD_TIME_USE@DF_TIME_USE(1.0),Time use,I,MEX,Mexico,LEI,Leisure,M,,186.60216,,0,Zero,D,Definition differs,MN_D,Minutes per day,0,Units
DATAFLOW,OECD.WISE.INE:DSD_TIME_USE@DF_TIME_USE(1.0),Time use,I,MEX,Mexico,UPW,Unpaid work,_T,,263.88788,,0,Zero,D,Definition differs,MN_D,Minutes per day,0,Units
DATAFLOW,OECD.WISE.INE:DSD_TIME_USE@DF_TIME_USE(1.0),Time use,I,MEX,Mexico,LEI,Leisure,F,,159.11086,,0,Zero,D,Definition differs,MN_D,Minutes per day,0,Units
DATAFLOW,OECD.WISE.INE:DSD_TIME_USE@DF_TIME_USE(1.0),Time use,I,MEX,Mexico,OTH,Other,M,,19.42664,,0,Zero,D,Definition differs,MN_D,Minutes per day,0,Units
DATAFLOW,OECD.WISE.INE:DSD_TIME_USE@DF_TIME_USE(1.0),Time use,I,MEX,Mexico,PCA,Personal care,_T,,633.58386,,0,Zero,D,Definition differs,MN_D,Minutes per day,0,Units
DATAFLOW,OECD.WISE.INE:DSD_TIME_USE@DF_TIME_USE(1.0),Time use,I,MEX,Mexico,UPW,Unpaid work,F,,331.29083,,0,Zero,D,Definition differs,MN_D,Minutes per day,0,Units
DATAFLOW,OECD.WISE.INE:DSD_TIME_USE@DF_TIME_USE(1.0),Time use,I,MEX,Mexico,PAW,Paid work or study,_T,,349.15216,,0,Zero,D,Definition differs,MN_D,Minutes per day,0,Units
DATAFLOW,OECD.WISE.INE:DSD_TIME_USE@DF_TIME_USE(1.0),Time use,I,MEX,Mexico,PAW,Paid work or study,F,,236.32854,,0,Zero,D,Definition differs,MN_D,Minutes per day,0,Units
DATAFLOW,OECD.WISE.INE:DSD_TIME_USE@DF_TIME_USE(1.0),Time use,I,MEX,Mexico,OTH,Other,_T,,21.448614,,0,Zero,D,Definition differs,MN_D,Minutes per day,0,Units
DATAFLOW,OECD.WISE.INE:DSD_TIME_USE@DF_TIME_USE(1.0),Time use,I,MEX,Mexico,UPW,Unpaid work,M,,131.41922,,0,Zero,D,Definition differs,MN_D,Minutes per day,0,Units
DATAFLOW,OECD.WISE.INE:DSD_TIME_USE@DF_TIME_USE(1.0),Time use,I,MEX,Mexico,PCA,Personal care,M,,624.21899,,0,Zero,D,Definition differs,MN_D,Minutes per day,0,Units
DATAFLOW,OECD.WISE.INE:DSD_TIME_USE@DF_TIME_USE(1.0),Time use,I,MEX,Mexico,PAW,Paid work or study,M,,478.33298,,0,Zero,D,Definition differs,MN_D,Minutes per day,0,Units
DATAFLOW,OECD.WISE.INE:DSD_TIME_USE@DF_TIME_USE(1.0),Time use,I,MEX,Mexico,LEI,Leisure,_T,,171.92743,,0,Zero,D,Definition differs,MN_D,Minutes per day,0,Units
DATAFLOW,OECD.WISE.INE:DSD_TIME_USE@DF_TIME_USE(1.0),Time use,I,MEX,Mexico,OTH,Other,F,,23.21456,,0,Zero,D,Definition differs,MN_D,Minutes per day,0,Units
DATAFLOW,OECD.WISE.INE:DSD_TIME_USE@DF_TIME_USE(1.0),Time use,I,NLD,Netherlands,PAW,Paid work or study,_T,,242.78703,,0,Zero,A,Normal value,MN_D,Minutes per day,0,Units
DATAFLOW,OECD.WISE.INE:DSD_TIME_USE@DF_TIME_USE(1.0),Time use,I,NLD,Netherlands,PCA,Personal care,F,,696.65802,,0,Zero,A,Normal value,MN_D,Minutes per day,0,Units
DATAFLOW,OECD.WISE.INE:DSD_TIME_USE@DF_TIME_USE(1.0),Time use,I,NLD,Netherlands,LEI,Leisure,M,,329.58533,,0,Zero,A,Normal value,MN_D,Minutes per day,0,Units
DATAFLOW,OECD.WISE.INE:DSD_TIME_USE@DF_TIME_USE(1.0),Time use,I,NLD,Netherlands,OTH,Other,_T,,15.296655,,0,Zero,A,Normal value,MN_D,Minutes per day,0,Units
DATAFLOW,OECD.WISE.INE:DSD_TIME_USE@DF_TIME_USE(1.0),Time use,I,NLD,Netherlands,UPW,Unpaid work,F,,224.94611,,0,Zero,A,Normal value,MN_D,Minutes per day,0,Units
DATAFLOW,OECD.WISE.INE:DSD_TIME_USE@DF_TIME_USE(1.0),Time use,I,NLD,Netherlands,UPW,Unpaid work,_T,,185.56139,,0,Zero,A,Normal value,MN_D,Minutes per day,0,Units
DATAFLOW,OECD.WISE.INE:DSD_TIME_USE@DF_TIME_USE(1.0),Time use,I,NLD,Netherlands,PAW,Paid work or study,F,,201.43257,,0,Zero,A,Normal value,MN_D,Minutes per day,0,Units
DATAFLOW,OECD.WISE.INE:DSD_TIME_USE@DF_TIME_USE(1.0),Time use,I,NLD,Netherlands,PCA,Personal care,M,,666.23254,,0,Zero,A,Normal value,MN_D,Minutes per day,0,Units
DATAFLOW,OECD.WISE.INE:DSD_TIME_USE@DF_TIME_USE(1.0),Time use,I,NLD,Netherlands,OTH,Other,M,,13.825583,,0,Zero,A,Normal value,MN_D,Minutes per day,0,Units
DATAFLOW,OECD.WISE.INE:DSD_TIME_USE@DF_TIME_USE(1.0),Time use,I,NLD,Netherlands,LEI,Leisure,_T,,314.76401,,0,Zero,A,Normal value,MN_D,Minutes per day,0,Units
DATAFLOW,OECD.WISE.INE:DSD_TIME_USE@DF_TIME_USE(1.0),Time use,I,NLD,Netherlands,PAW,Paid work or study,M,,284.93921,,0,Zero,A,Normal value,MN_D,Minutes per day,0,Units
DATAFLOW,OECD.WISE.INE:DSD_TIME_USE@DF_TIME_USE(1.0),Time use,I,NLD,Netherlands,PCA,Personal care,_T,,681.59064,,0,Zero,A,Normal value,MN_D,Minutes per day,0,Units
DATAFLOW,OECD.WISE.INE:DSD_TIME_USE@DF_TIME_USE(1.0),Time use,I,NLD,Netherlands,LEI,Leisure,F,,300.22305,,0,Zero,A,Normal value,MN_D,Minutes per day,0,Units
DATAFLOW,OECD.WISE.INE:DSD_TIME_USE@DF_TIME_USE(1.0),Time use,I,NLD,Netherlands,OTH,Other,F,,16.739883,,0,Zero,A,Normal value,MN_D,Minutes per day,0,Units
DATAFLOW,OECD.WISE.INE:DSD_TIME_USE@DF_TIME_USE(1.0),Time use,I,NLD,Netherlands,UPW,Unpaid work,M,,145.41707,,0,Zero,A,Normal value,MN_D,Minutes per day,0,Units
DATAFLOW,OECD.WISE.INE:DSD_TIME_USE@DF_TIME_USE(1.0),Time use,I,NZL,New Zealand,UPW,Unpaid work,F,,264,,0,Zero,A,Normal value,MN_D,Minutes per day,0,Units
DATAFLOW,OECD.WISE.INE:DSD_TIME_USE@DF_TIME_USE(1.0),Time use,I,NZL,New Zealand,PCA,Personal care,M,,639,,0,Zero,A,Normal value,MN_D,Minutes per day,0,Units
DATAFLOW,OECD.WISE.INE:DSD_TIME_USE@DF_TIME_USE(1.0),Time use,I,NZL,New Zealand,OTH,Other,_T,,17,,0,Zero,A,Normal value,MN_D,Minutes per day,0,Units
DATAFLOW,OECD.WISE.INE:DSD_TIME_USE@DF_TIME_USE(1.0),Time use,I,NZL,New Zealand,LEI,Leisure,_T,,301,,0,Zero,A,Normal value,MN_D,Minutes per day,0,Units
DATAFLOW,OECD.WISE.INE:DSD_TIME_USE@DF_TIME_USE(1.0),Time use,I,NZL,New Zealand,UPW,Unpaid work,_T,,204,,0,Zero,A,Normal value,MN_D,Minutes per day,0,Units
DATAFLOW,OECD.WISE.INE:DSD_TIME_USE@DF_TIME_USE(1.0),Time use,I,NZL,New Zealand,PCA,Personal care,_T,,648,,0,Zero,A,Normal value,MN_D,Minutes per day,0,Units
DATAFLOW,OECD.WISE.INE:DSD_TIME_USE@DF_TIME_USE(1.0),Time use,I,NZL,New Zealand,OTH,Other,F,,19,,0,Zero,A,Normal value,MN_D,Minutes per day,0,Units
DATAFLOW,OECD.WISE.INE:DSD_TIME_USE@DF_TIME_USE(1.0),Time use,I,NZL,New Zealand,UPW,Unpaid work,M,,141,,0,Zero,A,Normal value,MN_D,Minutes per day,0,Units
DATAFLOW,OECD.WISE.INE:DSD_TIME_USE@DF_TIME_USE(1.0),Time use,I,NZL,New Zealand,LEI,Leisure,M,,306,,0,Zero,A,Normal value,MN_D,Minutes per day,0,Units
DATAFLOW,OECD.WISE.INE:DSD_TIME_USE@DF_TIME_USE(1.0),Time use,I,NZL,New Zealand,PAW,Paid work or study,M,,338,,0,Zero,A,Normal value,MN_D,Minutes per day,0,Units
DATAFLOW,OECD.WISE.INE:DSD_TIME_USE@DF_TIME_USE(1.0),Time use,I,NZL,New Zealand,OTH,Other,M,,16,,0,Zero,A,Normal value,MN_D,Minutes per day,0,Units
DATAFLOW,OECD.WISE.INE:DSD_TIME_USE@DF_TIME_USE(1.0),Time use,I,NZL,New Zealand,PAW,Paid work or study,F,,205,,0,Zero,A,Normal value,MN_D,Minutes per day,0,Units
DATAFLOW,OECD.WISE.INE:DSD_TIME_USE@DF_TIME_USE(1.0),Time use,I,NZL,New Zealand,LEI,Leisure,F,,295,,0,Zero,A,Normal value,MN_D,Minutes per day,0,Units
DATAFLOW,OECD.WISE.INE:DSD_TIME_USE@DF_TIME_USE(1.0),Time use,I,NZL,New Zealand,PCA,Personal care,F,,656,,0,Zero,A,Normal value,MN_D,Minutes per day,0,Units
DATAFLOW,OECD.WISE.INE:DSD_TIME_USE@DF_TIME_USE(1.0),Time use,I,NZL,New Zealand,PAW,Paid work or study,_T,,270,,0,Zero,A,Normal value,MN_D,Minutes per day,0,Units
DATAFLOW,OECD.WISE.INE:DSD_TIME_USE@DF_TIME_USE(1.0),Time use,I,NOR,Norway,PAW,Paid work or study,F,,199.98746,,0,Zero,A,Normal value,MN_D,Minutes per day,0,Units
DATAFLOW,OECD.WISE.INE:DSD_TIME_USE@DF_TIME_USE(1.0),Time use,I,NOR,Norway,UPW,Unpaid work,M,,168.48694,,0,Zero,A,Normal value,MN_D,Minutes per day,0,Units
DATAFLOW,OECD.WISE.INE:DSD_TIME_USE@DF_TIME_USE(1.0),Time use,I,NOR,Norway,UPW,Unpaid work,F,,227.40991,,0,Zero,A,Normal value,MN_D,Minutes per day,0,Units
DATAFLOW,OECD.WISE.INE:DSD_TIME_USE@DF_TIME_USE(1.0),Time use,I,NOR,Norway,PCA,Personal care,M,,614.54816,,0,Zero,A,Normal value,MN_D,Minutes per day,0,Units
DATAFLOW,OECD.WISE.INE:DSD_TIME_USE@DF_TIME_USE(1.0),Time use,I,NOR,Norway,OTH,Other,M,,9.2430582,,0,Zero,A,Normal value,MN_D,Minutes per day,0,Units
DATAFLOW,OECD.WISE.INE:DSD_TIME_USE@DF_TIME_USE(1.0),Time use,I,NOR,Norway,UPW,Unpaid work,_T,,195.98425,,0,Zero,A,Normal value,MN_D,Minutes per day,0,Units
DATAFLOW,OECD.WISE.INE:DSD_TIME_USE@DF_TIME_USE(1.0),Time use,I,NOR,Norway,PCA,Personal care,_T,,627.27295,,0,Zero,A,Normal value,MN_D,Minutes per day,0,Units
DATAFLOW,OECD.WISE.INE:DSD_TIME_USE@DF_TIME_USE(1.0),Time use,I,NOR,Norway,LEI,Leisure,_T,,368.24329,,0,Zero,A,Normal value,MN_D,Minutes per day,0,Units
DATAFLOW,OECD.WISE.INE:DSD_TIME_USE@DF_TIME_USE(1.0),Time use,I,NOR,Norway,OTH,Other,F,,4.9389901,,0,Zero,A,Normal value,MN_D,Minutes per day,0,Units
DATAFLOW,OECD.WISE.INE:DSD_TIME_USE@DF_TIME_USE(1.0),Time use,I,NOR,Norway,PCA,Personal care,F,,641.81549,,0,Zero,A,Normal value,MN_D,Minutes per day,0,Units
DATAFLOW,OECD.WISE.INE:DSD_TIME_USE@DF_TIME_USE(1.0),Time use,I,NOR,Norway,LEI,Leisure,M,,370.3389,,0,Zero,A,Normal value,MN_D,Minutes per day,0,Units
DATAFLOW,OECD.WISE.INE:DSD_TIME_USE@DF_TIME_USE(1.0),Time use,I,NOR,Norway,PAW,Paid work or study,_T,,241.26506,,0,Zero,A,Normal value,MN_D,Minutes per day,0,Units
DATAFLOW,OECD.WISE.INE:DSD_TIME_USE@DF_TIME_USE(1.0),Time use,I,NOR,Norway,OTH,Other,_T,,7.2344952,,0,Zero,A,Normal value,MN_D,Minutes per day,0,Units
DATAFLOW,OECD.WISE.INE:DSD_TIME_USE@DF_TIME_USE(1.0),Time use,I,NOR,Norway,PAW,Paid work or study,M,,277.3829,,0,Zero,A,Normal value,MN_D,Minutes per day,0,Units
DATAFLOW,OECD.WISE.INE:DSD_TIME_USE@DF_TIME_USE(1.0),Time use,I,NOR,Norway,LEI,Leisure,F,,365.84821,,0,Zero,A,Normal value,MN_D,Minutes per day,0,Units
DATAFLOW,OECD.WISE.INE:DSD_TIME_USE@DF_TIME_USE(1.0),Time use,I,POL,Poland,PCA,Personal care,_T,,657.11884,,0,Zero,A,Normal value,MN_D,Minutes per day,0,Units
DATAFLOW,OECD.WISE.INE:DSD_TIME_USE@DF_TIME_USE(1.0),Time use,I,POL,Poland,UPW,Unpaid work,M,,158.78271,,0,Zero,A,Normal value,MN_D,Minutes per day,0,Units
DATAFLOW,OECD.WISE.INE:DSD_TIME_USE@DF_TIME_USE(1.0),Time use,I,POL,Poland,PAW,Paid work or study,M,,314.79718,,0,Zero,A,Normal value,MN_D,Minutes per day,0,Units
DATAFLOW,OECD.WISE.INE:DSD_TIME_USE@DF_TIME_USE(1.0),Time use,I,POL,Poland,LEI,Leisure,_T,,286.15439,,0,Zero,A,Normal value,MN_D,Minutes per day,0,Units
DATAFLOW,OECD.WISE.INE:DSD_TIME_USE@DF_TIME_USE(1.0),Time use,I,POL,Poland,OTH,Other,F,,12.566577,,0,Zero,A,Normal value,MN_D,Minutes per day,0,Units
DATAFLOW,OECD.WISE.INE:DSD_TIME_USE@DF_TIME_USE(1.0),Time use,I,POL,Poland,OTH,Other,M,,10.205232,,0,Zero,A,Normal value,MN_D,Minutes per day,0,Units
DATAFLOW,OECD.WISE.INE:DSD_TIME_USE@DF_TIME_USE(1.0),Time use,I,POL,Poland,PCA,Personal care,F,,666.81372,,0,Zero,A,Normal value,MN_D,Minutes per day,0,Units
DATAFLOW,OECD.WISE.INE:DSD_TIME_USE@DF_TIME_USE(1.0),Time use,I,POL,Poland,PAW,Paid work or study,F,,203.20055,,0,Zero,A,Normal value,MN_D,Minutes per day,0,Units
DATAFLOW,OECD.WISE.INE:DSD_TIME_USE@DF_TIME_USE(1.0),Time use,I,POL,Poland,UPW,Unpaid work,F,,295.00824,,0,Zero,A,Normal value,MN_D,Minutes per day,0,Units
DATAFLOW,OECD.WISE.INE:DSD_TIME_USE@DF_TIME_USE(1.0),Time use,I,POL,Poland,PCA,Personal care,M,,645.25305,,0,Zero,A,Normal value,MN_D,Minutes per day,0,Units
DATAFLOW,OECD.WISE.INE:DSD_TIME_USE@DF_TIME_USE(1.0),Time use,I,POL,Poland,LEI,Leisure,M,,310.96182,,0,Zero,A,Normal value,MN_D,Minutes per day,0,Units
DATAFLOW,OECD.WISE.INE:DSD_TIME_USE@DF_TIME_USE(1.0),Time use,I,POL,Poland,OTH,Other,_T,,11.220911,,0,Zero,A,Normal value,MN_D,Minutes per day,0,Units
DATAFLOW,OECD.WISE.INE:DSD_TIME_USE@DF_TIME_USE(1.0),Time use,I,POL,Poland,PAW,Paid work or study,_T,,259.58719,,0,Zero,A,Normal value,MN_D,Minutes per day,0,Units
DATAFLOW,OECD.WISE.INE:DSD_TIME_USE@DF_TIME_USE(1.0),Time use,I,POL,Poland,UPW,Unpaid work,_T,,225.9187,,0,Zero,A,Normal value,MN_D,Minutes per day,0,Units
DATAFLOW,OECD.WISE.INE:DSD_TIME_USE@DF_TIME_USE(1.0),Time use,I,POL,Poland,LEI,Leisure,F,,262.41089,,0,Zero,A,Normal value,MN_D,Minutes per day,0,Units
DATAFLOW,OECD.WISE.INE:DSD_TIME_USE@DF_TIME_USE(1.0),Time use,I,PRT,Portugal,OTH,Other,M,,5.0314465,,0,Zero,A,Normal value,MN_D,Minutes per day,0,Units
DATAFLOW,OECD.WISE.INE:DSD_TIME_USE@DF_TIME_USE(1.0),Time use,I,PRT,Portugal,PAW,Paid work or study,M,,372.32706,,0,Zero,A,Normal value,MN_D,Minutes per day,0,Units
DATAFLOW,OECD.WISE.INE:DSD_TIME_USE@DF_TIME_USE(1.0),Time use,I,PRT,Portugal,UPW,Unpaid work,_T,,222.54546,,0,Zero,A,Normal value,MN_D,Minutes per day,0,Units
DATAFLOW,OECD.WISE.INE:DSD_TIME_USE@DF_TIME_USE(1.0),Time use,I,PRT,Portugal,LEI,Leisure,F,,199.77654,,0,Zero,A,Normal value,MN_D,Minutes per day,0,Units
DATAFLOW,OECD.WISE.INE:DSD_TIME_USE@DF_TIME_USE(1.0),Time use,I,PRT,Portugal,PCA,Personal care,F,,673.74304,,0,Zero,A,Normal value,MN_D,Minutes per day,0,Units
DATAFLOW,OECD.WISE.INE:DSD_TIME_USE@DF_TIME_USE(1.0),Time use,I,PRT,Portugal,OTH,Other,F,,7.0391064,,0,Zero,A,Normal value,MN_D,Minutes per day,0,Units
DATAFLOW,OECD.WISE.INE:DSD_TIME_USE@DF_TIME_USE(1.0),Time use,I,PRT,Portugal,PAW,Paid work or study,_T,,295.04895,,0,Zero,A,Normal value,MN_D,Minutes per day,0,Units
DATAFLOW,OECD.WISE.INE:DSD_TIME_USE@DF_TIME_USE(1.0),Time use,I,PRT,Portugal,LEI,Leisure,M,,289.14047,,0,Zero,A,Normal value,MN_D,Minutes per day,0,Units
DATAFLOW,OECD.WISE.INE:DSD_TIME_USE@DF_TIME_USE(1.0),Time use,I,PRT,Portugal,PAW,Paid work or study,F,,231.28491,,0,Zero,A,Normal value,MN_D,Minutes per day,0,Units
DATAFLOW,OECD.WISE.INE:DSD_TIME_USE@DF_TIME_USE(1.0),Time use,I,PRT,Portugal,UPW,Unpaid work,M,,96.268341,,0,Zero,A,Normal value,MN_D,Minutes per day,0,Units
DATAFLOW,OECD.WISE.INE:DSD_TIME_USE@DF_TIME_USE(1.0),Time use,I,PRT,Portugal,PCA,Personal care,_T,,675.69232,,0,Zero,A,Normal value,MN_D,Minutes per day,0,Units
DATAFLOW,OECD.WISE.INE:DSD_TIME_USE@DF_TIME_USE(1.0),Time use,I,PRT,Portugal,OTH,Other,_T,,6.0419579,,0,Zero,A,Normal value,MN_D,Minutes per day,0,Units
DATAFLOW,OECD.WISE.INE:DSD_TIME_USE@DF_TIME_USE(1.0),Time use,I,PRT,Portugal,LEI,Leisure,_T,,240.67133,,0,Zero,A,Normal value,MN_D,Minutes per day,0,Units
DATAFLOW,OECD.WISE.INE:DSD_TIME_USE@DF_TIME_USE(1.0),Time use,I,PRT,Portugal,PCA,Personal care,M,,677.23273,,0,Zero,A,Normal value,MN_D,Minutes per day,0,Units
DATAFLOW,OECD.WISE.INE:DSD_TIME_USE@DF_TIME_USE(1.0),Time use,I,PRT,Portugal,UPW,Unpaid work,F,,328.15643,,0,Zero,A,Normal value,MN_D,Minutes per day,0,Units
DATAFLOW,OECD.WISE.INE:DSD_TIME_USE@DF_TIME_USE(1.0),Time use,I,SVN,Slovenia,OTH,Other,_T,,5.9916782,,0,Zero,A,Normal value,MN_D,Minutes per day,0,Units
DATAFLOW,OECD.WISE.INE:DSD_TIME_USE@DF_TIME_USE(1.0),Time use,I,SVN,Slovenia,UPW,Unpaid work,F,,286.19876,,0,Zero,A,Normal value,MN_D,Minutes per day,0,Units
DATAFLOW,OECD.WISE.INE:DSD_TIME_USE@DF_TIME_USE(1.0),Time use,I,SVN,Slovenia,PCA,Personal care,M,,631.75488,,0,Zero,A,Normal value,MN_D,Minutes per day,0,Units
DATAFLOW,OECD.WISE.INE:DSD_TIME_USE@DF_TIME_USE(1.0),Time use,I,SVN,Slovenia,LEI,Leisure,M,,336.93594,,0,Zero,A,Normal value,MN_D,Minutes per day,0,Units
DATAFLOW,OECD.WISE.INE:DSD_TIME_USE@DF_TIME_USE(1.0),Time use,I,SVN,Slovenia,PCA,Personal care,F,,630.43781,,0,Zero,A,Normal value,MN_D,Minutes per day,0,Units
DATAFLOW,OECD.WISE.INE:DSD_TIME_USE@DF_TIME_USE(1.0),Time use,I,SVN,Slovenia,PAW,Paid work or study,_T,,264.63245,,0,Zero,A,Normal value,MN_D,Minutes per day,0,Units
DATAFLOW,OECD.WISE.INE:DSD_TIME_USE@DF_TIME_USE(1.0),Time use,I,SVN,Slovenia,LEI,Leisure,_T,,310.56866,,0,Zero,A,Normal value,MN_D,Minutes per day,0,Units
DATAFLOW,OECD.WISE.INE:DSD_TIME_USE@DF_TIME_USE(1.0),Time use,I,SVN,Slovenia,UPW,Unpaid work,M,,166.4624,,0,Zero,A,Normal value,MN_D,Minutes per day,0,Units
DATAFLOW,OECD.WISE.INE:DSD_TIME_USE@DF_TIME_USE(1.0),Time use,I,SVN,Slovenia,PAW,Paid work or study,M,,299.83286,,0,Zero,A,Normal value,MN_D,Minutes per day,0,Units
DATAFLOW,OECD.WISE.INE:DSD_TIME_USE@DF_TIME_USE(1.0),Time use,I,SVN,Slovenia,PAW,Paid work or study,F,,234.16261,,0,Zero,A,Normal value,MN_D,Minutes per day,0,Units
DATAFLOW,OECD.WISE.INE:DSD_TIME_USE@DF_TIME_USE(1.0),Time use,I,SVN,Slovenia,PCA,Personal care,_T,,628.12762,,0,Zero,A,Normal value,MN_D,Minutes per day,0,Units
DATAFLOW,OECD.WISE.INE:DSD_TIME_USE@DF_TIME_USE(1.0),Time use,I,SVN,Slovenia,OTH,Other,F,,6.0041695,,0,Zero,A,Normal value,MN_D,Minutes per day,0,Units
DATAFLOW,OECD.WISE.INE:DSD_TIME_USE@DF_TIME_USE(1.0),Time use,I,SVN,Slovenia,LEI,Leisure,F,,283.19666,,0,Zero,A,Normal value,MN_D,Minutes per day,0,Units
DATAFLOW,OECD.WISE.INE:DSD_TIME_USE@DF_TIME_USE(1.0),Time use,I,SVN,Slovenia,UPW,Unpaid work,_T,,230.67961,,0,Zero,A,Normal value,MN_D,Minutes per day,0,Units
DATAFLOW,OECD.WISE.INE:DSD_TIME_USE@DF_TIME_USE(1.0),Time use,I,SVN,Slovenia,OTH,Other,M,,5.0139275,,0,Zero,A,Normal value,MN_D,Minutes per day,0,Units
DATAFLOW,OECD.WISE.INE:DSD_TIME_USE@DF_TIME_USE(1.0),Time use,I,ESP,Spain,UPW,Unpaid work,F,,289.1279,,0,Zero,A,Normal value,MN_D,Minutes per day,0,Units
DATAFLOW,OECD.WISE.INE:DSD_TIME_USE@DF_TIME_USE(1.0),Time use,I,ESP,Spain,PCA,Personal care,M,,696.88,,0,Zero,A,Normal value,MN_D,Minutes per day,0,Units
DATAFLOW,OECD.WISE.INE:DSD_TIME_USE@DF_TIME_USE(1.0),Time use,I,ESP,Spain,LEI,Leisure,_T,,316.04926,,0,Zero,A,Normal value,MN_D,Minutes per day,0,Units
DATAFLOW,OECD.WISE.INE:DSD_TIME_USE@DF_TIME_USE(1.0),Time use,I,ESP,Spain,PAW,Paid work or study,F,,166.75362,,0,Zero,A,Normal value,MN_D,Minutes per day,0,Units
DATAFLOW,OECD.WISE.INE:DSD_TIME_USE@DF_TIME_USE(1.0),Time use,I,ESP,Spain,UPW,Unpaid work,M,,145.90932,,0,Zero,A,Normal value,MN_D,Minutes per day,0,Units
DATAFLOW,OECD.WISE.INE:DSD_TIME_USE@DF_TIME_USE(1.0),Time use,I,ESP,Spain,OTH,Other,_T,,13.424608,,0,Zero,A,Normal value,MN_D,Minutes per day,0,Units
DATAFLOW,OECD.WISE.INE:DSD_TIME_USE@DF_TIME_USE(1.0),Time use,I,ESP,Spain,UPW,Unpaid work,_T,,216.72911,,0,Zero,A,Normal value,MN_D,Minutes per day,0,Units
DATAFLOW,OECD.WISE.INE:DSD_TIME_USE@DF_TIME_USE(1.0),Time use,I,ESP,Spain,PCA,Personal care,F,,686.55231,,0,Zero,A,Normal value,MN_D,Minutes per day,0,Units
DATAFLOW,OECD.WISE.INE:DSD_TIME_USE@DF_TIME_USE(1.0),Time use,I,ESP,Spain,LEI,Leisure,F,,283.99557,,0,Zero,A,Normal value,MN_D,Minutes per day,0,Units
DATAFLOW,OECD.WISE.INE:DSD_TIME_USE@DF_TIME_USE(1.0),Time use,I,ESP,Spain,LEI,Leisure,M,,347.16925,,0,Zero,A,Normal value,MN_D,Minutes per day,0,Units
DATAFLOW,OECD.WISE.INE:DSD_TIME_USE@DF_TIME_USE(1.0),Time use,I,ESP,Spain,OTH,Other,M,,13.661777,,0,Zero,A,Normal value,MN_D,Minutes per day,0,Units
DATAFLOW,OECD.WISE.INE:DSD_TIME_USE@DF_TIME_USE(1.0),Time use,I,ESP,Spain,PAW,Paid work or study,M,,236.22913,,0,Zero,A,Normal value,MN_D,Minutes per day,0,Units
DATAFLOW,OECD.WISE.INE:DSD_TIME_USE@DF_TIME_USE(1.0),Time use,I,ESP,Spain,PCA,Personal care,_T,,691.79242,,0,Zero,A,Normal value,MN_D,Minutes per day,0,Units
DATAFLOW,OECD.WISE.INE:DSD_TIME_USE@DF_TIME_USE(1.0),Time use,I,ESP,Spain,PAW,Paid work or study,_T,,202.00473,,0,Zero,A,Normal value,MN_D,Minutes per day,0,Units
DATAFLOW,OECD.WISE.INE:DSD_TIME_USE@DF_TIME_USE(1.0),Time use,I,ESP,Spain,OTH,Other,F,,13.180323,,0,Zero,A,Normal value,MN_D,Minutes per day,0,Units
DATAFLOW,OECD.WISE.INE:DSD_TIME_USE@DF_TIME_USE(1.0),Time use,I,SWE,Sweden,UPW,Unpaid work,M,,171,,0,Zero,A,Normal value,MN_D,Minutes per day,0,Units
DATAFLOW,OECD.WISE.INE:DSD_TIME_USE@DF_TIME_USE(1.0),Time use,I,SWE,Sweden,OTH,Other,F,,5.0034747,,0,Zero,A,Normal value,MN_D,Minutes per day,0,Units
DATAFLOW,OECD.WISE.INE:DSD_TIME_USE@DF_TIME_USE(1.0),Time use,I,SWE,Sweden,PAW,Paid work or study,F,,275.1911,,0,Zero,A,Normal value,MN_D,Minutes per day,0,Units
DATAFLOW,OECD.WISE.INE:DSD_TIME_USE@DF_TIME_USE(1.0),Time use,I,SWE,Sweden,PCA,Personal care,_T,,622.46954,,0,Zero,A,Normal value,MN_D,Minutes per day,0,Units
DATAFLOW,OECD.WISE.INE:DSD_TIME_USE@DF_TIME_USE(1.0),Time use,I,SWE,Sweden,LEI,Leisure,_T,,321.48456,,0,Zero,A,Normal value,MN_D,Minutes per day,0,Units
DATAFLOW,OECD.WISE.INE:DSD_TIME_USE@DF_TIME_USE(1.0),Time use,I,SWE,Sweden,PCA,Personal care,M,,611,,0,Zero,A,Normal value,MN_D,Minutes per day,0,Units
DATAFLOW,OECD.WISE.INE:DSD_TIME_USE@DF_TIME_USE(1.0),Time use,I,SWE,Sweden,UPW,Unpaid work,_T,,196.49918,,0,Zero,A,Normal value,MN_D,Minutes per day,0,Units
DATAFLOW,OECD.WISE.INE:DSD_TIME_USE@DF_TIME_USE(1.0),Time use,I,SWE,Sweden,LEI,Leisure,F,,306.21265,,0,Zero,A,Normal value,MN_D,Minutes per day,0,Units
DATAFLOW,OECD.WISE.INE:DSD_TIME_USE@DF_TIME_USE(1.0),Time use,I,SWE,Sweden,UPW,Unpaid work,F,,220.15288,,0,Zero,A,Normal value,MN_D,Minutes per day,0,Units
DATAFLOW,OECD.WISE.INE:DSD_TIME_USE@DF_TIME_USE(1.0),Time use,I,SWE,Sweden,PAW,Paid work or study,M,,313,,0,Zero,A,Normal value,MN_D,Minutes per day,0,Units
DATAFLOW,OECD.WISE.INE:DSD_TIME_USE@DF_TIME_USE(1.0),Time use,I,SWE,Sweden,OTH,Other,_T,,6.1398563,,0,Zero,A,Normal value,MN_D,Minutes per day,0,Units
DATAFLOW,OECD.WISE.INE:DSD_TIME_USE@DF_TIME_USE(1.0),Time use,I,SWE,Sweden,PCA,Personal care,F,,633.43988,,0,Zero,A,Normal value,MN_D,Minutes per day,0,Units
DATAFLOW,OECD.WISE.INE:DSD_TIME_USE@DF_TIME_USE(1.0),Time use,I,SWE,Sweden,LEI,Leisure,M,,338,,0,Zero,A,Normal value,MN_D,Minutes per day,0,Units
DATAFLOW,OECD.WISE.INE:DSD_TIME_USE@DF_TIME_USE(1.0),Time use,I,SWE,Sweden,PAW,Paid work or study,_T,,293.40686,,0,Zero,A,Normal value,MN_D,Minutes per day,0,Units
DATAFLOW,OECD.WISE.INE:DSD_TIME_USE@DF_TIME_USE(1.0),Time use,I,SWE,Sweden,OTH,Other,M,,7,,0,Zero,A,Normal value,MN_D,Minutes per day,0,Units
DATAFLOW,OECD.WISE.INE:DSD_TIME_USE@DF_TIME_USE(1.0),Time use,I,TUR,Trkiye,UPW,Unpaid work,_T,,186.08949,,0,Zero,A,Normal value,MN_D,Minutes per day,0,Units
DATAFLOW,OECD.WISE.INE:DSD_TIME_USE@DF_TIME_USE(1.0),Time use,I,TUR,Trkiye,OTH,Other,M,,34.116821,,0,Zero,A,Normal value,MN_D,Minutes per day,0,Units
DATAFLOW,OECD.WISE.INE:DSD_TIME_USE@DF_TIME_USE(1.0),Time use,I,TUR,Trkiye,PAW,Paid work or study,M,,358.25012,,0,Zero,A,Normal value,MN_D,Minutes per day,0,Units
DATAFLOW,OECD.WISE.INE:DSD_TIME_USE@DF_TIME_USE(1.0),Time use,I,TUR,Trkiye,LEI,Leisure,F,,270.44739,,0,Zero,A,Normal value,MN_D,Minutes per day,0,Units
DATAFLOW,OECD.WISE.INE:DSD_TIME_USE@DF_TIME_USE(1.0),Time use,I,TUR,Trkiye,PCA,Personal care,_T,,681.79669,,0,Zero,A,Normal value,MN_D,Minutes per day,0,Units
DATAFLOW,OECD.WISE.INE:DSD_TIME_USE@DF_TIME_USE(1.0),Time use,I,TUR,Trkiye,PAW,Paid work or study,_T,,246.31599,,0,Zero,A,Normal value,MN_D,Minutes per day,0,Units
DATAFLOW,OECD.WISE.INE:DSD_TIME_USE@DF_TIME_USE(1.0),Time use,I,TUR,Trkiye,OTH,Other,_T,,40.09676,,0,Zero,A,Normal value,MN_D,Minutes per day,0,Units
DATAFLOW,OECD.WISE.INE:DSD_TIME_USE@DF_TIME_USE(1.0),Time use,I,TUR,Trkiye,UPW,Unpaid work,M,,67.591736,,0,Zero,A,Normal value,MN_D,Minutes per day,0,Units
DATAFLOW,OECD.WISE.INE:DSD_TIME_USE@DF_TIME_USE(1.0),Time use,I,TUR,Trkiye,PCA,Personal care,M,,679.09766,,0,Zero,A,Normal value,MN_D,Minutes per day,0,Units
DATAFLOW,OECD.WISE.INE:DSD_TIME_USE@DF_TIME_USE(1.0),Time use,I,TUR,Trkiye,PCA,Personal care,F,,684.50616,,0,Zero,A,Normal value,MN_D,Minutes per day,0,Units
DATAFLOW,OECD.WISE.INE:DSD_TIME_USE@DF_TIME_USE(1.0),Time use,I,TUR,Trkiye,UPW,Unpaid work,F,,305.04739,,0,Zero,A,Normal value,MN_D,Minutes per day,0,Units
DATAFLOW,OECD.WISE.INE:DSD_TIME_USE@DF_TIME_USE(1.0),Time use,I,TUR,Trkiye,PAW,Paid work or study,F,,133.94724,,0,Zero,A,Normal value,MN_D,Minutes per day,0,Units
DATAFLOW,OECD.WISE.INE:DSD_TIME_USE@DF_TIME_USE(1.0),Time use,I,TUR,Trkiye,LEI,Leisure,_T,,285.73074,,0,Zero,A,Normal value,MN_D,Minutes per day,0,Units
DATAFLOW,OECD.WISE.INE:DSD_TIME_USE@DF_TIME_USE(1.0),Time use,I,TUR,Trkiye,OTH,Other,F,,46.099934,,0,Zero,A,Normal value,MN_D,Minutes per day,0,Units
DATAFLOW,OECD.WISE.INE:DSD_TIME_USE@DF_TIME_USE(1.0),Time use,I,TUR,Trkiye,LEI,Leisure,M,,300.95496,,0,Zero,A,Normal value,MN_D,Minutes per day,0,Units
DATAFLOW,OECD.WISE.INE:DSD_TIME_USE@DF_TIME_USE(1.0),Time use,I,GBR,United Kingdom,LEI,Leisure,M,,326.51575,,0,Zero,A,Normal value,MN_D,Minutes per day,0,Units
DATAFLOW,OECD.WISE.INE:DSD_TIME_USE@DF_TIME_USE(1.0),Time use,I,GBR,United Kingdom,PAW,Paid work or study,_T,,262.26492,,0,Zero,A,Normal value,MN_D,Minutes per day,0,Units
DATAFLOW,OECD.WISE.INE:DSD_TIME_USE@DF_TIME_USE(1.0),Time use,I,GBR,United Kingdom,PCA,Personal care,F,,655.42712,,0,Zero,A,Normal value,MN_D,Minutes per day,0,Units
DATAFLOW,OECD.WISE.INE:DSD_TIME_USE@DF_TIME_USE(1.0),Time use,I,GBR,United Kingdom,OTH,Other,_T,,32.471893,,0,Zero,A,Normal value,MN_D,Minutes per day,0,Units
DATAFLOW,OECD.WISE.INE:DSD_TIME_USE@DF_TIME_USE(1.0),Time use,I,GBR,United Kingdom,UPW,Unpaid work,F,,248.63229,,0,Zero,A,Normal value,MN_D,Minutes per day,0,Units
DATAFLOW,OECD.WISE.INE:DSD_TIME_USE@DF_TIME_USE(1.0),Time use,I,GBR,United Kingdom,PCA,Personal care,M,,634.91687,,0,Zero,A,Normal value,MN_D,Minutes per day,0,Units
DATAFLOW,OECD.WISE.INE:DSD_TIME_USE@DF_TIME_USE(1.0),Time use,I,GBR,United Kingdom,PCA,Personal care,_T,,645.20435,,0,Zero,A,Normal value,MN_D,Minutes per day,0,Units
DATAFLOW,OECD.WISE.INE:DSD_TIME_USE@DF_TIME_USE(1.0),Time use,I,GBR,United Kingdom,LEI,Leisure,_T,,305.53094,,0,Zero,A,Normal value,MN_D,Minutes per day,0,Units
DATAFLOW,OECD.WISE.INE:DSD_TIME_USE@DF_TIME_USE(1.0),Time use,I,GBR,United Kingdom,OTH,Other,F,,35.057838,,0,Zero,A,Normal value,MN_D,Minutes per day,0,Units
DATAFLOW,OECD.WISE.INE:DSD_TIME_USE@DF_TIME_USE(1.0),Time use,I,GBR,United Kingdom,OTH,Other,M,,29.869604,,0,Zero,A,Normal value,MN_D,Minutes per day,0,Units
DATAFLOW,OECD.WISE.INE:DSD_TIME_USE@DF_TIME_USE(1.0),Time use,I,GBR,United Kingdom,UPW,Unpaid work,M,,140.0818,,0,Zero,A,Normal value,MN_D,Minutes per day,0,Units
DATAFLOW,OECD.WISE.INE:DSD_TIME_USE@DF_TIME_USE(1.0),Time use,I,GBR,United Kingdom,PAW,Paid work or study,F,,216.20476,,0,Zero,A,Normal value,MN_D,Minutes per day,0,Units
DATAFLOW,OECD.WISE.INE:DSD_TIME_USE@DF_TIME_USE(1.0),Time use,I,GBR,United Kingdom,LEI,Leisure,F,,284.67795,,0,Zero,A,Normal value,MN_D,Minutes per day,0,Units
DATAFLOW,OECD.WISE.INE:DSD_TIME_USE@DF_TIME_USE(1.0),Time use,I,GBR,United Kingdom,UPW,Unpaid work,_T,,194.52788,,0,Zero,A,Normal value,MN_D,Minutes per day,0,Units
DATAFLOW,OECD.WISE.INE:DSD_TIME_USE@DF_TIME_USE(1.0),Time use,I,GBR,United Kingdom,PAW,Paid work or study,M,,308.61597,,0,Zero,A,Normal value,MN_D,Minutes per day,0,Units
DATAFLOW,OECD.WISE.INE:DSD_TIME_USE@DF_TIME_USE(1.0),Time use,I,USA,United States,OTH,Other,_T,,26.38903045,,0,Zero,A,Normal value,MN_D,Minutes per day,0,Units
DATAFLOW,OECD.WISE.INE:DSD_TIME_USE@DF_TIME_USE(1.0),Time use,I,USA,United States,LEI,Leisure,_T,,279.9627002,,0,Zero,A,Normal value,MN_D,Minutes per day,0,Units
DATAFLOW,OECD.WISE.INE:DSD_TIME_USE@DF_TIME_USE(1.0),Time use,I,USA,United States,UPW,Unpaid work,M,,145.4134845,,0,Zero,A,Normal value,MN_D,Minutes per day,0,Units
DATAFLOW,OECD.WISE.INE:DSD_TIME_USE@DF_TIME_USE(1.0),Time use,I,USA,United States,PCA,Personal care,M,,647.7539806,,0,Zero,A,Normal value,MN_D,Minutes per day,0,Units
DATAFLOW,OECD.WISE.INE:DSD_TIME_USE@DF_TIME_USE(1.0),Time use,I,USA,United States,LEI,Leisure,M,,303.2195183,,0,Zero,A,Normal value,MN_D,Minutes per day,0,Units
DATAFLOW,OECD.WISE.INE:DSD_TIME_USE@DF_TIME_USE(1.0),Time use,I,USA,United States,PAW,Paid work or study,M,,320.3346011,,0,Zero,A,Normal value,MN_D,Minutes per day,0,Units
DATAFLOW,OECD.WISE.INE:DSD_TIME_USE@DF_TIME_USE(1.0),Time use,I,USA,United States,UPW,Unpaid work,_T,,186.846636,,0,Zero,A,Normal value,MN_D,Minutes per day,0,Units
DATAFLOW,OECD.WISE.INE:DSD_TIME_USE@DF_TIME_USE(1.0),Time use,I,USA,United States,PAW,Paid work or study,_T,,283.9993134,,0,Zero,A,Normal value,MN_D,Minutes per day,0,Units
DATAFLOW,OECD.WISE.INE:DSD_TIME_USE@DF_TIME_USE(1.0),Time use,I,USA,United States,UPW,Unpaid work,F,,227.8704463,,0,Zero,A,Normal value,MN_D,Minutes per day,0,Units
DATAFLOW,OECD.WISE.INE:DSD_TIME_USE@DF_TIME_USE(1.0),Time use,I,USA,United States,LEI,Leisure,F,,256.9356491,,0,Zero,A,Normal value,MN_D,Minutes per day,0,Units
DATAFLOW,OECD.WISE.INE:DSD_TIME_USE@DF_TIME_USE(1.0),Time use,I,USA,United States,OTH,Other,M,,23.27841556,,0,Zero,A,Normal value,MN_D,Minutes per day,0,Units
DATAFLOW,OECD.WISE.INE:DSD_TIME_USE@DF_TIME_USE(1.0),Time use,I,USA,United States,PCA,Personal care,_T,,662.8023199,,0,Zero,A,Normal value,MN_D,Minutes per day,0,Units
DATAFLOW,OECD.WISE.INE:DSD_TIME_USE@DF_TIME_USE(1.0),Time use,I,USA,United States,OTH,Other,F,,29.46891382,,0,Zero,A,Normal value,MN_D,Minutes per day,0,Units
DATAFLOW,OECD.WISE.INE:DSD_TIME_USE@DF_TIME_USE(1.0),Time use,I,USA,United States,PCA,Personal care,F,,677.7019883,,0,Zero,A,Normal value,MN_D,Minutes per day,0,Units
DATAFLOW,OECD.WISE.INE:DSD_TIME_USE@DF_TIME_USE(1.0),Time use,I,USA,United States,PAW,Paid work or study,F,,248.0230024,,0,Zero,A,Normal value,MN_D,Minutes per day,0,Units
DATAFLOW,OECD.WISE.INE:DSD_TIME_USE@DF_TIME_USE(1.0),Time use,I,CHN,China (Peoples Republic of),PCA,Personal care,F,,692,,0,Zero,D,Definition differs,MN_D,Minutes per day,0,Units
DATAFLOW,OECD.WISE.INE:DSD_TIME_USE@DF_TIME_USE(1.0),Time use,I,CHN,China (Peoples Republic of),LEI,Leisure,M,,248,,0,Zero,D,Definition differs,MN_D,Minutes per day,0,Units
DATAFLOW,OECD.WISE.INE:DSD_TIME_USE@DF_TIME_USE(1.0),Time use,I,CHN,China (Peoples Republic of),OTH,Other,M,,15,,0,Zero,D,Definition differs,MN_D,Minutes per day,0,Units
DATAFLOW,OECD.WISE.INE:DSD_TIME_USE@DF_TIME_USE(1.0),Time use,I,CHN,China (Peoples Republic of),LEI,Leisure,_T,,227.84178,,0,Zero,D,Definition differs,MN_D,Minutes per day,0,Units
DATAFLOW,OECD.WISE.INE:DSD_TIME_USE@DF_TIME_USE(1.0),Time use,I,CHN,China (Peoples Republic of),PCA,Personal care,M,,696,,0,Zero,D,Definition differs,MN_D,Minutes per day,0,Units
DATAFLOW,OECD.WISE.INE:DSD_TIME_USE@DF_TIME_USE(1.0),Time use,I,CHN,China (Peoples Republic of),PAW,Paid work or study,F,,291,,0,Zero,D,Definition differs,MN_D,Minutes per day,0,Units
DATAFLOW,OECD.WISE.INE:DSD_TIME_USE@DF_TIME_USE(1.0),Time use,I,CHN,China (Peoples Republic of),LEI,Leisure,F,,211,,0,Zero,D,Definition differs,MN_D,Minutes per day,0,Units
DATAFLOW,OECD.WISE.INE:DSD_TIME_USE@DF_TIME_USE(1.0),Time use,I,CHN,China (Peoples Republic of),OTH,Other,F,,12,,0,Zero,D,Definition differs,MN_D,Minutes per day,0,Units
DATAFLOW,OECD.WISE.INE:DSD_TIME_USE@DF_TIME_USE(1.0),Time use,I,CHN,China (Peoples Republic of),PCA,Personal care,_T,,693.51837,,0,Zero,D,Definition differs,MN_D,Minutes per day,0,Units
DATAFLOW,OECD.WISE.INE:DSD_TIME_USE@DF_TIME_USE(1.0),Time use,I,CHN,China (Peoples Republic of),UPW,Unpaid work,M,,91,,0,Zero,D,Definition differs,MN_D,Minutes per day,0,Units
DATAFLOW,OECD.WISE.INE:DSD_TIME_USE@DF_TIME_USE(1.0),Time use,I,CHN,China (Peoples Republic of),PAW,Paid work or study,M,,390,,0,Zero,D,Definition differs,MN_D,Minutes per day,0,Units
DATAFLOW,OECD.WISE.INE:DSD_TIME_USE@DF_TIME_USE(1.0),Time use,I,CHN,China (Peoples Republic of),UPW,Unpaid work,F,,234,,0,Zero,D,Definition differs,MN_D,Minutes per day,0,Units
DATAFLOW,OECD.WISE.INE:DSD_TIME_USE@DF_TIME_USE(1.0),Time use,I,CHN,China (Peoples Republic of),OTH,Other,_T,,14.989591,,0,Zero,D,Definition differs,MN_D,Minutes per day,0,Units
DATAFLOW,OECD.WISE.INE:DSD_TIME_USE@DF_TIME_USE(1.0),Time use,I,CHN,China (Peoples Republic of),PAW,Paid work or study,_T,,339.76404,,0,Zero,D,Definition differs,MN_D,Minutes per day,0,Units
DATAFLOW,OECD.WISE.INE:DSD_TIME_USE@DF_TIME_USE(1.0),Time use,I,CHN,China (Peoples Republic of),UPW,Unpaid work,_T,,163.88618,,0,Zero,D,Definition differs,MN_D,Minutes per day,0,Units
DATAFLOW,OECD.WISE.INE:DSD_TIME_USE@DF_TIME_USE(1.0),Time use,I,IND,India,PAW,Paid work or study,F,,184.70367,,0,Zero,A,Normal value,MN_D,Minutes per day,0,Units
DATAFLOW,OECD.WISE.INE:DSD_TIME_USE@DF_TIME_USE(1.0),Time use,I,IND,India,PCA,Personal care,M,,702.77191,,0,Zero,A,Normal value,MN_D,Minutes per day,0,Units
DATAFLOW,OECD.WISE.INE:DSD_TIME_USE@DF_TIME_USE(1.0),Time use,I,IND,India,UPW,Unpaid work,F,,351.9353,,0,Zero,A,Normal value,MN_D,Minutes per day,0,Units
DATAFLOW,OECD.WISE.INE:DSD_TIME_USE@DF_TIME_USE(1.0),Time use,I,IND,India,PAW,Paid work or study,_T,,294.9794,,0,Zero,A,Normal value,MN_D,Minutes per day,0,Units
DATAFLOW,OECD.WISE.INE:DSD_TIME_USE@DF_TIME_USE(1.0),Time use,I,IND,India,UPW,Unpaid work,M,,51.767242,,0,Zero,A,Normal value,MN_D,Minutes per day,0,Units
DATAFLOW,OECD.WISE.INE:DSD_TIME_USE@DF_TIME_USE(1.0),Time use,I,IND,India,PCA,Personal care,_T,,687.48993,,0,Zero,A,Normal value,MN_D,Minutes per day,0,Units
DATAFLOW,OECD.WISE.INE:DSD_TIME_USE@DF_TIME_USE(1.0),Time use,I,IND,India,UPW,Unpaid work,_T,,191.14615,,0,Zero,A,Normal value,MN_D,Minutes per day,0,Units
DATAFLOW,OECD.WISE.INE:DSD_TIME_USE@DF_TIME_USE(1.0),Time use,I,IND,India,LEI,Leisure,F,,220.94849,,0,Zero,A,Normal value,MN_D,Minutes per day,0,Units
DATAFLOW,OECD.WISE.INE:DSD_TIME_USE@DF_TIME_USE(1.0),Time use,I,IND,India,LEI,Leisure,M,,282.64328,,0,Zero,A,Normal value,MN_D,Minutes per day,0,Units
DATAFLOW,OECD.WISE.INE:DSD_TIME_USE@DF_TIME_USE(1.0),Time use,I,IND,India,PCA,Personal care,F,,669.86035,,0,Zero,A,Normal value,MN_D,Minutes per day,0,Units
DATAFLOW,OECD.WISE.INE:DSD_TIME_USE@DF_TIME_USE(1.0),Time use,I,IND,India,OTH,Other,_T,,12.388403,,0,Zero,A,Normal value,MN_D,Minutes per day,0,Units
DATAFLOW,OECD.WISE.INE:DSD_TIME_USE@DF_TIME_USE(1.0),Time use,I,IND,India,OTH,Other,F,,12.552157,,0,Zero,A,Normal value,MN_D,Minutes per day,0,Units
DATAFLOW,OECD.WISE.INE:DSD_TIME_USE@DF_TIME_USE(1.0),Time use,I,IND,India,LEI,Leisure,_T,,253.99612,,0,Zero,A,Normal value,MN_D,Minutes per day,0,Units
DATAFLOW,OECD.WISE.INE:DSD_TIME_USE@DF_TIME_USE(1.0),Time use,I,IND,India,OTH,Other,M,,12.246449,,0,Zero,A,Normal value,MN_D,Minutes per day,0,Units
DATAFLOW,OECD.WISE.INE:DSD_TIME_USE@DF_TIME_USE(1.0),Time use,I,IND,India,PAW,Paid work or study,M,,390.57108,,0,Zero,A,Normal value,MN_D,Minutes per day,0,Units
DATAFLOW,OECD.WISE.INE:DSD_TIME_USE@DF_TIME_USE(1.0),Time use,I,ZAF,South Africa,PCA,Personal care,F,,694.82947,,0,Zero,A,Normal value,MN_D,Minutes per day,0,Units
DATAFLOW,OECD.WISE.INE:DSD_TIME_USE@DF_TIME_USE(1.0),Time use,I,ZAF,South Africa,UPW,Unpaid work,_T,,182.28479,,0,Zero,A,Normal value,MN_D,Minutes per day,0,Units
DATAFLOW,OECD.WISE.INE:DSD_TIME_USE@DF_TIME_USE(1.0),Time use,I,ZAF,South Africa,OTH,Other,M,,13.1774,,0,Zero,A,Normal value,MN_D,Minutes per day,0,Units
DATAFLOW,OECD.WISE.INE:DSD_TIME_USE@DF_TIME_USE(1.0),Time use,I,ZAF,South Africa,PAW,Paid work or study,_T,,240.57607,,0,Zero,A,Normal value,MN_D,Minutes per day,0,Units
DATAFLOW,OECD.WISE.INE:DSD_TIME_USE@DF_TIME_USE(1.0),Time use,I,ZAF,South Africa,PAW,Paid work or study,F,,195.03345,,0,Zero,A,Normal value,MN_D,Minutes per day,0,Units
DATAFLOW,OECD.WISE.INE:DSD_TIME_USE@DF_TIME_USE(1.0),Time use,I,ZAF,South Africa,PCA,Personal care,M,,695.37225,,0,Zero,A,Normal value,MN_D,Minutes per day,0,Units
DATAFLOW,OECD.WISE.INE:DSD_TIME_USE@DF_TIME_USE(1.0),Time use,I,ZAF,South Africa,UPW,Unpaid work,M,,102.93914,,0,Zero,A,Normal value,MN_D,Minutes per day,0,Units
DATAFLOW,OECD.WISE.INE:DSD_TIME_USE@DF_TIME_USE(1.0),Time use,I,ZAF,South Africa,OTH,Other,_T,,16.16213,,0,Zero,A,Normal value,MN_D,Minutes per day,0,Units
DATAFLOW,OECD.WISE.INE:DSD_TIME_USE@DF_TIME_USE(1.0),Time use,I,ZAF,South Africa,LEI,Leisure,_T,,305.89819,,0,Zero,A,Normal value,MN_D,Minutes per day,0,Units
DATAFLOW,OECD.WISE.INE:DSD_TIME_USE@DF_TIME_USE(1.0),Time use,I,ZAF,South Africa,UPW,Unpaid work,F,,249.58841,,0,Zero,A,Normal value,MN_D,Minutes per day,0,Units
DATAFLOW,OECD.WISE.INE:DSD_TIME_USE@DF_TIME_USE(1.0),Time use,I,ZAF,South Africa,PCA,Personal care,_T,,695.07886,,0,Zero,A,Normal value,MN_D,Minutes per day,0,Units
DATAFLOW,OECD.WISE.INE:DSD_TIME_USE@DF_TIME_USE(1.0),Time use,I,ZAF,South Africa,LEI,Leisure,M,,334.19431,,0,Zero,A,Normal value,MN_D,Minutes per day,0,Units
DATAFLOW,OECD.WISE.INE:DSD_TIME_USE@DF_TIME_USE(1.0),Time use,I,ZAF,South Africa,OTH,Other,F,,18.698801,,0,Zero,A,Normal value,MN_D,Minutes per day,0,Units
DATAFLOW,OECD.WISE.INE:DSD_TIME_USE@DF_TIME_USE(1.0),Time use,I,ZAF,South Africa,PAW,Paid work or study,M,,294.16318,,0,Zero,A,Normal value,MN_D,Minutes per day,0,Units